/*
 Navicat Premium Data Transfer

 Source Server         : mysql-localhost-root
 Source Server Type    : MySQL
 Source Server Version : 80016
 Source Host           : localhost:13306
 Source Schema         : activiti_test

 Target Server Type    : MySQL
 Target Server Version : 80016
 File Encoding         : 65001

 Date: 27/09/2019 07:28:36
*/

SET NAMES utf8mb4;
SET FOREIGN_KEY_CHECKS = 0;

-- ----------------------------
-- Table structure for act_evt_log
-- ----------------------------
DROP TABLE IF EXISTS `act_evt_log`;
CREATE TABLE `act_evt_log`  (
  `LOG_NR_` bigint(20) NOT NULL AUTO_INCREMENT,
  `TYPE_` varchar(64) CHARACTER SET utf8 COLLATE utf8_bin NULL DEFAULT NULL,
  `PROC_DEF_ID_` varchar(64) CHARACTER SET utf8 COLLATE utf8_bin NULL DEFAULT NULL,
  `PROC_INST_ID_` varchar(64) CHARACTER SET utf8 COLLATE utf8_bin NULL DEFAULT NULL,
  `EXECUTION_ID_` varchar(64) CHARACTER SET utf8 COLLATE utf8_bin NULL DEFAULT NULL,
  `TASK_ID_` varchar(64) CHARACTER SET utf8 COLLATE utf8_bin NULL DEFAULT NULL,
  `TIME_STAMP_` timestamp(3) NOT NULL,
  `USER_ID_` varchar(255) CHARACTER SET utf8 COLLATE utf8_bin NULL DEFAULT NULL,
  `DATA_` longblob NULL,
  `LOCK_OWNER_` varchar(255) CHARACTER SET utf8 COLLATE utf8_bin NULL DEFAULT NULL,
  `LOCK_TIME_` timestamp(3) NULL DEFAULT NULL,
  `IS_PROCESSED_` tinyint(4) NULL DEFAULT 0,
  PRIMARY KEY (`LOG_NR_`) USING BTREE
) ENGINE = InnoDB CHARACTER SET = utf8 COLLATE = utf8_bin ROW_FORMAT = Dynamic;

-- ----------------------------
-- Table structure for act_ge_bytearray
-- ----------------------------
DROP TABLE IF EXISTS `act_ge_bytearray`;
CREATE TABLE `act_ge_bytearray`  (
  `ID_` varchar(64) CHARACTER SET utf8 COLLATE utf8_bin NOT NULL,
  `REV_` int(11) NULL DEFAULT NULL,
  `NAME_` varchar(255) CHARACTER SET utf8 COLLATE utf8_bin NULL DEFAULT NULL,
  `DEPLOYMENT_ID_` varchar(64) CHARACTER SET utf8 COLLATE utf8_bin NULL DEFAULT NULL,
  `BYTES_` longblob NULL,
  `GENERATED_` tinyint(4) NULL DEFAULT NULL,
  PRIMARY KEY (`ID_`) USING BTREE,
  INDEX `ACT_FK_BYTEARR_DEPL`(`DEPLOYMENT_ID_`) USING BTREE,
  CONSTRAINT `ACT_FK_BYTEARR_DEPL` FOREIGN KEY (`DEPLOYMENT_ID_`) REFERENCES `act_re_deployment` (`ID_`) ON DELETE RESTRICT ON UPDATE RESTRICT
) ENGINE = InnoDB CHARACTER SET = utf8 COLLATE = utf8_bin ROW_FORMAT = Dynamic;

-- ----------------------------
-- Records of act_ge_bytearray
-- ----------------------------
INSERT INTO `act_ge_bytearray` VALUES ('2', 1, 'E:\\work\\workspace\\git\\oschina\\yylframework\\framework-parent\\framework-flow\\target\\classes\\com\\youyoulong\\framework\\flow\\activiti\\bpmn\\leave\\LeaveApply.bpmn', '1', 0x3C3F786D6C2076657273696F6E3D22312E302220656E636F64696E673D225554462D38223F3E0A3C646566696E6974696F6E7320786D6C6E733D22687474703A2F2F7777772E6F6D672E6F72672F737065632F42504D4E2F32303130303532342F4D4F44454C2220786D6C6E733A7873693D22687474703A2F2F7777772E77332E6F72672F323030312F584D4C536368656D612D696E7374616E63652220786D6C6E733A7873643D22687474703A2F2F7777772E77332E6F72672F323030312F584D4C536368656D612220786D6C6E733A61637469766974693D22687474703A2F2F61637469766974692E6F72672F62706D6E2220786D6C6E733A62706D6E64693D22687474703A2F2F7777772E6F6D672E6F72672F737065632F42504D4E2F32303130303532342F44492220786D6C6E733A6F6D6764633D22687474703A2F2F7777772E6F6D672E6F72672F737065632F44442F32303130303532342F44432220786D6C6E733A6F6D6764693D22687474703A2F2F7777772E6F6D672E6F72672F737065632F44442F32303130303532342F44492220747970654C616E67756167653D22687474703A2F2F7777772E77332E6F72672F323030312F584D4C536368656D61222065787072657373696F6E4C616E67756167653D22687474703A2F2F7777772E77332E6F72672F313939392F585061746822207461726765744E616D6573706163653D22687474703A2F2F7777772E61637469766974692E6F72672F74657374223E0A20203C70726F636573732069643D224C656176654170706C7922206E616D653D22E8AFB7E58187E6B581E7A88BE6B58BE8AF952220697345786563757461626C653D2274727565223E0A202020203C73746172744576656E742069643D227374617274657222206E616D653D225374617274223E0A2020202020203C646F63756D656E746174696F6E3EE5BC80E5A78BE8AFB7E581873C2F646F63756D656E746174696F6E3E0A202020203C2F73746172744576656E743E0A202020203C757365725461736B2069643D22757365725461736B53747564656E744C656176654170706C7922206E616D653D22E8AFB7E58187E794B3E8AFB7222061637469766974693A63616E64696461746547726F7570733D2273747564656E74223E0A2020202020203C646F63756D656E746174696F6E3EE5ADA6E7949FE8AFB7E58187E794B3E8AFB73C2F646F63756D656E746174696F6E3E0A202020203C2F757365725461736B3E0A202020203C73657175656E6365466C6F772069643D22666C6F77312220736F757263655265663D227374617274657222207461726765745265663D22757365725461736B53747564656E744C656176654170706C79223E3C2F73657175656E6365466C6F773E0A202020203C757365725461736B2069643D22757365725461736B54656163686572417070726F766522206E616D653D22E69599E5B888E5AEA1E689B9222061637469766974693A63616E64696461746547726F7570733D22746563686572223E3C2F757365725461736B3E0A202020203C73657175656E6365466C6F772069643D22666C6F77322220736F757263655265663D22757365725461736B53747564656E744C656176654170706C7922207461726765745265663D22757365725461736B54656163686572417070726F7665223E3C2F73657175656E6365466C6F773E0A202020203C757365725461736B2069643D22757365725461736B4C6561646572417070726F766522206E616D653D22E9A286E5AFBCE5AEA1E689B9222061637469766974693A63616E64696461746547726F7570733D226C6561646572223E3C2F757365725461736B3E0A202020203C73657175656E6365466C6F772069643D22666C6F77332220736F757263655265663D22757365725461736B54656163686572417070726F766522207461726765745265663D22757365725461736B4C6561646572417070726F7665223E3C2F73657175656E6365466C6F773E0A202020203C656E644576656E742069643D22656E646576656E743122206E616D653D22456E64223E3C2F656E644576656E743E0A202020203C73657175656E6365466C6F772069643D22666C6F77342220736F757263655265663D22757365725461736B4C6561646572417070726F766522207461726765745265663D22656E646576656E7431223E3C2F73657175656E6365466C6F773E0A20203C2F70726F636573733E0A20203C62706D6E64693A42504D4E4469616772616D2069643D2242504D4E4469616772616D5F4C656176654170706C79223E0A202020203C62706D6E64693A42504D4E506C616E652062706D6E456C656D656E743D224C656176654170706C79222069643D2242504D4E506C616E655F4C656176654170706C79223E0A2020202020203C62706D6E64693A42504D4E53686170652062706D6E456C656D656E743D2273746172746572222069643D2242504D4E53686170655F73746172746572223E0A20202020202020203C6F6D6764633A426F756E6473206865696768743D2233352E30222077696474683D2233352E302220783D223130302E302220793D2239332E30223E3C2F6F6D6764633A426F756E64733E0A2020202020203C2F62706D6E64693A42504D4E53686170653E0A2020202020203C62706D6E64693A42504D4E53686170652062706D6E456C656D656E743D22757365725461736B53747564656E744C656176654170706C79222069643D2242504D4E53686170655F757365725461736B53747564656E744C656176654170706C79223E0A20202020202020203C6F6D6764633A426F756E6473206865696768743D2235352E30222077696474683D223130352E302220783D223138302E302220793D2238332E30223E3C2F6F6D6764633A426F756E64733E0A2020202020203C2F62706D6E64693A42504D4E53686170653E0A2020202020203C62706D6E64693A42504D4E53686170652062706D6E456C656D656E743D22757365725461736B54656163686572417070726F7665222069643D2242504D4E53686170655F757365725461736B54656163686572417070726F7665223E0A20202020202020203C6F6D6764633A426F756E6473206865696768743D2235352E30222077696474683D223130352E302220783D223333302E302220793D2238332E30223E3C2F6F6D6764633A426F756E64733E0A2020202020203C2F62706D6E64693A42504D4E53686170653E0A2020202020203C62706D6E64693A42504D4E53686170652062706D6E456C656D656E743D22757365725461736B4C6561646572417070726F7665222069643D2242504D4E53686170655F757365725461736B4C6561646572417070726F7665223E0A20202020202020203C6F6D6764633A426F756E6473206865696768743D2235352E30222077696474683D223130352E302220783D223438302E302220793D2238332E30223E3C2F6F6D6764633A426F756E64733E0A2020202020203C2F62706D6E64693A42504D4E53686170653E0A2020202020203C62706D6E64693A42504D4E53686170652062706D6E456C656D656E743D22656E646576656E7431222069643D2242504D4E53686170655F656E646576656E7431223E0A20202020202020203C6F6D6764633A426F756E6473206865696768743D2233352E30222077696474683D2233352E302220783D223633302E302220793D2239332E30223E3C2F6F6D6764633A426F756E64733E0A2020202020203C2F62706D6E64693A42504D4E53686170653E0A2020202020203C62706D6E64693A42504D4E456467652062706D6E456C656D656E743D22666C6F7731222069643D2242504D4E456467655F666C6F7731223E0A20202020202020203C6F6D6764693A776179706F696E7420783D223133352E302220793D223131302E30223E3C2F6F6D6764693A776179706F696E743E0A20202020202020203C6F6D6764693A776179706F696E7420783D223138302E302220793D223131302E30223E3C2F6F6D6764693A776179706F696E743E0A2020202020203C2F62706D6E64693A42504D4E456467653E0A2020202020203C62706D6E64693A42504D4E456467652062706D6E456C656D656E743D22666C6F7732222069643D2242504D4E456467655F666C6F7732223E0A20202020202020203C6F6D6764693A776179706F696E7420783D223238352E302220793D223131302E30223E3C2F6F6D6764693A776179706F696E743E0A20202020202020203C6F6D6764693A776179706F696E7420783D223333302E302220793D223131302E30223E3C2F6F6D6764693A776179706F696E743E0A2020202020203C2F62706D6E64693A42504D4E456467653E0A2020202020203C62706D6E64693A42504D4E456467652062706D6E456C656D656E743D22666C6F7733222069643D2242504D4E456467655F666C6F7733223E0A20202020202020203C6F6D6764693A776179706F696E7420783D223433352E302220793D223131302E30223E3C2F6F6D6764693A776179706F696E743E0A20202020202020203C6F6D6764693A776179706F696E7420783D223438302E302220793D223131302E30223E3C2F6F6D6764693A776179706F696E743E0A2020202020203C2F62706D6E64693A42504D4E456467653E0A2020202020203C62706D6E64693A42504D4E456467652062706D6E456C656D656E743D22666C6F7734222069643D2242504D4E456467655F666C6F7734223E0A20202020202020203C6F6D6764693A776179706F696E7420783D223538352E302220793D223131302E30223E3C2F6F6D6764693A776179706F696E743E0A20202020202020203C6F6D6764693A776179706F696E7420783D223633302E302220793D223131302E30223E3C2F6F6D6764693A776179706F696E743E0A2020202020203C2F62706D6E64693A42504D4E456467653E0A202020203C2F62706D6E64693A42504D4E506C616E653E0A20203C2F62706D6E64693A42504D4E4469616772616D3E0A3C2F646566696E6974696F6E733E, 0);
INSERT INTO `act_ge_bytearray` VALUES ('22502', 1, 'E:\\work\\workspace\\git\\oschina\\yylframework\\framework-parent\\framework-flow\\target\\classes\\com\\youyoulong\\framework\\flow\\activiti\\bpmn\\leave\\LeaveApply.bpmn', '22501', 0x3C3F786D6C2076657273696F6E3D22312E302220656E636F64696E673D225554462D3822207374616E64616C6F6E653D22796573223F3E0D0A3C646566696E6974696F6E7320786D6C6E733D22687474703A2F2F7777772E6F6D672E6F72672F737065632F42504D4E2F32303130303532342F4D4F44454C2220786D6C6E733A61637469766974693D22687474703A2F2F61637469766974692E6F72672F62706D6E2220786D6C6E733A62706D6E64693D22687474703A2F2F7777772E6F6D672E6F72672F737065632F42504D4E2F32303130303532342F44492220786D6C6E733A64633D22687474703A2F2F7777772E6F6D672E6F72672F737065632F44442F32303130303532342F44432220786D6C6E733A64693D22687474703A2F2F7777772E6F6D672E6F72672F737065632F44442F32303130303532342F44492220786D6C6E733A7873643D22687474703A2F2F7777772E77332E6F72672F323030312F584D4C536368656D612220786D6C6E733A7873693D22687474703A2F2F7777772E77332E6F72672F323030312F584D4C536368656D612D696E7374616E6365222065787072657373696F6E4C616E67756167653D22687474703A2F2F7777772E77332E6F72672F313939392F5850617468222069643D226D3135363234353335313135303322206E616D653D2222207461726765744E616D6573706163653D22687474703A2F2F7777772E61637469766974692E6F72672F746573746D313536323435333531313530332220747970654C616E67756167653D22687474703A2F2F7777772E77332E6F72672F323030312F584D4C536368656D61223E0D0A20203C70726F636573732069643D226D7950726F636573735F3122206973436C6F7365643D2266616C73652220697345786563757461626C653D2274727565222070726F63657373547970653D224E6F6E65223E0D0A202020203C73746172744576656E742069643D225F3222206E616D653D2253746172744576656E74222F3E0D0A202020203C757365725461736B2061637469766974693A6578636C75736976653D2274727565222069643D225F3322206E616D653D22557365725461736B222F3E0D0A202020203C757365725461736B2061637469766974693A6578636C75736976653D2274727565222069643D225F3422206E616D653D22557365725461736B222F3E0D0A202020203C656E644576656E742069643D225F3522206E616D653D22456E644576656E74222F3E0D0A202020203C73657175656E6365466C6F772069643D225F362220736F757263655265663D225F3222207461726765745265663D225F33222F3E0D0A202020203C73657175656E6365466C6F772069643D225F372220736F757263655265663D225F3322207461726765745265663D225F34222F3E0D0A202020203C73657175656E6365466C6F772069643D225F382220736F757263655265663D225F3422207461726765745265663D225F35222F3E0D0A20203C2F70726F636573733E0D0A20203C62706D6E64693A42504D4E4469616772616D20646F63756D656E746174696F6E3D226261636B67726F756E643D234646464646463B636F756E743D313B686F72697A6F6E74616C636F756E743D313B6F7269656E746174696F6E3D303B77696474683D3834322E343B6865696768743D313139352E323B696D61676561626C6557696474683D3833322E343B696D61676561626C654865696768743D313138352E323B696D61676561626C65583D352E303B696D61676561626C65593D352E30222069643D224469616772616D2D5F3122206E616D653D224E6577204469616772616D223E0D0A202020203C62706D6E64693A42504D4E506C616E652062706D6E456C656D656E743D226D7950726F636573735F31223E0D0A2020202020203C62706D6E64693A42504D4E53686170652062706D6E456C656D656E743D225F32222069643D2253686170652D5F32223E0D0A20202020202020203C64633A426F756E6473206865696768743D2233322E30222077696474683D2233322E302220783D223132352E302220793D2239352E30222F3E0D0A20202020202020203C62706D6E64693A42504D4E4C6162656C3E0D0A202020202020202020203C64633A426F756E6473206865696768743D2233322E30222077696474683D2233322E302220783D22302E302220793D22302E30222F3E0D0A20202020202020203C2F62706D6E64693A42504D4E4C6162656C3E0D0A2020202020203C2F62706D6E64693A42504D4E53686170653E0D0A2020202020203C62706D6E64693A42504D4E53686170652062706D6E456C656D656E743D225F33222069643D2253686170652D5F33223E0D0A20202020202020203C64633A426F756E6473206865696768743D2235352E30222077696474683D2238352E302220783D223234352E302220793D2238302E30222F3E0D0A20202020202020203C62706D6E64693A42504D4E4C6162656C3E0D0A202020202020202020203C64633A426F756E6473206865696768743D2235352E30222077696474683D2238352E302220783D22302E302220793D22302E30222F3E0D0A20202020202020203C2F62706D6E64693A42504D4E4C6162656C3E0D0A2020202020203C2F62706D6E64693A42504D4E53686170653E0D0A2020202020203C62706D6E64693A42504D4E53686170652062706D6E456C656D656E743D225F34222069643D2253686170652D5F34223E0D0A20202020202020203C64633A426F756E6473206865696768743D2235352E30222077696474683D2238352E302220783D223435302E302220793D223130302E30222F3E0D0A20202020202020203C62706D6E64693A42504D4E4C6162656C3E0D0A202020202020202020203C64633A426F756E6473206865696768743D2235352E30222077696474683D2238352E302220783D22302E302220793D22302E30222F3E0D0A20202020202020203C2F62706D6E64693A42504D4E4C6162656C3E0D0A2020202020203C2F62706D6E64693A42504D4E53686170653E0D0A2020202020203C62706D6E64693A42504D4E53686170652062706D6E456C656D656E743D225F35222069643D2253686170652D5F35223E0D0A20202020202020203C64633A426F756E6473206865696768743D2233322E30222077696474683D2233322E302220783D223537302E302220793D223134352E30222F3E0D0A20202020202020203C62706D6E64693A42504D4E4C6162656C3E0D0A202020202020202020203C64633A426F756E6473206865696768743D2233322E30222077696474683D2233322E302220783D22302E302220793D22302E30222F3E0D0A20202020202020203C2F62706D6E64693A42504D4E4C6162656C3E0D0A2020202020203C2F62706D6E64693A42504D4E53686170653E0D0A2020202020203C62706D6E64693A42504D4E456467652062706D6E456C656D656E743D225F36222069643D2242504D4E456467655F5F362220736F75726365456C656D656E743D225F322220746172676574456C656D656E743D225F33223E0D0A20202020202020203C64693A776179706F696E7420783D223135372E302220793D223131312E30222F3E0D0A20202020202020203C64693A776179706F696E7420783D223234352E302220793D223130372E35222F3E0D0A20202020202020203C62706D6E64693A42504D4E4C6162656C3E0D0A202020202020202020203C64633A426F756E6473206865696768743D22302E30222077696474683D22302E302220783D22302E302220793D22302E30222F3E0D0A20202020202020203C2F62706D6E64693A42504D4E4C6162656C3E0D0A2020202020203C2F62706D6E64693A42504D4E456467653E0D0A2020202020203C62706D6E64693A42504D4E456467652062706D6E456C656D656E743D225F37222069643D2242504D4E456467655F5F372220736F75726365456C656D656E743D225F332220746172676574456C656D656E743D225F34223E0D0A20202020202020203C64693A776179706F696E7420783D223333302E302220793D223130372E35222F3E0D0A20202020202020203C64693A776179706F696E7420783D223435302E302220793D223132372E35222F3E0D0A20202020202020203C62706D6E64693A42504D4E4C6162656C3E0D0A202020202020202020203C64633A426F756E6473206865696768743D22302E30222077696474683D22302E302220783D22302E302220793D22302E30222F3E0D0A20202020202020203C2F62706D6E64693A42504D4E4C6162656C3E0D0A2020202020203C2F62706D6E64693A42504D4E456467653E0D0A2020202020203C62706D6E64693A42504D4E456467652062706D6E456C656D656E743D225F38222069643D2242504D4E456467655F5F382220736F75726365456C656D656E743D225F342220746172676574456C656D656E743D225F35223E0D0A20202020202020203C64693A776179706F696E7420783D223533352E302220793D223132372E35222F3E0D0A20202020202020203C64693A776179706F696E7420783D223537302E302220793D223136312E30222F3E0D0A20202020202020203C62706D6E64693A42504D4E4C6162656C3E0D0A202020202020202020203C64633A426F756E6473206865696768743D22302E30222077696474683D22302E302220783D22302E302220793D22302E30222F3E0D0A20202020202020203C2F62706D6E64693A42504D4E4C6162656C3E0D0A2020202020203C2F62706D6E64693A42504D4E456467653E0D0A202020203C2F62706D6E64693A42504D4E506C616E653E0D0A20203C2F62706D6E64693A42504D4E4469616772616D3E0D0A3C2F646566696E6974696F6E733E0D0A, 0);
INSERT INTO `act_ge_bytearray` VALUES ('22503', 1, 'E:\\work\\workspace\\git\\oschina\\yylframework\\framework-parent\\framework-flow\\target\\classes\\com\\youyoulong\\framework\\flow\\activiti\\bpmn\\leave\\LeaveApply2.bpmn', '22501', 0x3C3F786D6C2076657273696F6E3D22312E302220656E636F64696E673D225554462D38223F3E0A3C646566696E6974696F6E7320786D6C6E733D22687474703A2F2F7777772E6F6D672E6F72672F737065632F42504D4E2F32303130303532342F4D4F44454C2220786D6C6E733A7873693D22687474703A2F2F7777772E77332E6F72672F323030312F584D4C536368656D612D696E7374616E63652220786D6C6E733A7873643D22687474703A2F2F7777772E77332E6F72672F323030312F584D4C536368656D612220786D6C6E733A61637469766974693D22687474703A2F2F61637469766974692E6F72672F62706D6E2220786D6C6E733A62706D6E64693D22687474703A2F2F7777772E6F6D672E6F72672F737065632F42504D4E2F32303130303532342F44492220786D6C6E733A6F6D6764633D22687474703A2F2F7777772E6F6D672E6F72672F737065632F44442F32303130303532342F44432220786D6C6E733A6F6D6764693D22687474703A2F2F7777772E6F6D672E6F72672F737065632F44442F32303130303532342F44492220747970654C616E67756167653D22687474703A2F2F7777772E77332E6F72672F323030312F584D4C536368656D61222065787072657373696F6E4C616E67756167653D22687474703A2F2F7777772E77332E6F72672F313939392F585061746822207461726765744E616D6573706163653D22687474703A2F2F7777772E61637469766974692E6F72672F74657374223E0A20203C70726F636573732069643D224C656176654170706C793222206E616D653D22E8AFB7E58187E6B581E7A88BE6B58BE8AF95322220697345786563757461626C653D2274727565223E0A202020203C73746172744576656E742069643D227374617274657222206E616D653D225374617274223E0A2020202020203C646F63756D656E746174696F6E3EE5BC80E5A78BE8AFB7E581873C2F646F63756D656E746174696F6E3E0A202020203C2F73746172744576656E743E0A202020203C757365725461736B2069643D22757365725461736B53747564656E744C656176654170706C7922206E616D653D22E8AFB7E58187E794B3E8AFB7222061637469766974693A63616E64696461746547726F7570733D2273747564656E74223E0A2020202020203C646F63756D656E746174696F6E3EE5ADA6E7949FE8AFB7E58187E794B3E8AFB73C2F646F63756D656E746174696F6E3E0A202020203C2F757365725461736B3E0A202020203C73657175656E6365466C6F772069643D22666C6F77312220736F757263655265663D227374617274657222207461726765745265663D22757365725461736B53747564656E744C656176654170706C79223E3C2F73657175656E6365466C6F773E0A202020203C757365725461736B2069643D22757365725461736B54656163686572417070726F766522206E616D653D22E69599E5B888E5AEA1E689B9222061637469766974693A63616E64696461746547726F7570733D22746563686572223E3C2F757365725461736B3E0A202020203C73657175656E6365466C6F772069643D22666C6F77322220736F757263655265663D22757365725461736B53747564656E744C656176654170706C7922207461726765745265663D22757365725461736B54656163686572417070726F7665223E3C2F73657175656E6365466C6F773E0A202020203C757365725461736B2069643D22757365725461736B4C6561646572417070726F766522206E616D653D22E9A286E5AFBCE5AEA1E689B9222061637469766974693A63616E64696461746547726F7570733D226C6561646572223E3C2F757365725461736B3E0A202020203C73657175656E6365466C6F772069643D22666C6F77332220736F757263655265663D22757365725461736B54656163686572417070726F766522207461726765745265663D22757365725461736B4C6561646572417070726F7665223E3C2F73657175656E6365466C6F773E0A202020203C656E644576656E742069643D22656E646576656E743122206E616D653D22456E64223E3C2F656E644576656E743E0A202020203C73657175656E6365466C6F772069643D22666C6F77342220736F757263655265663D22757365725461736B4C6561646572417070726F766522207461726765745265663D22656E646576656E7431223E3C2F73657175656E6365466C6F773E0A20203C2F70726F636573733E0A20203C62706D6E64693A42504D4E4469616772616D2069643D2242504D4E4469616772616D5F4C656176654170706C7932223E0A202020203C62706D6E64693A42504D4E506C616E652062706D6E456C656D656E743D224C656176654170706C7932222069643D2242504D4E506C616E655F4C656176654170706C7932223E0A2020202020203C62706D6E64693A42504D4E53686170652062706D6E456C656D656E743D2273746172746572222069643D2242504D4E53686170655F73746172746572223E0A20202020202020203C6F6D6764633A426F756E6473206865696768743D2233352E30222077696474683D2233352E302220783D223130302E302220793D2239332E30223E3C2F6F6D6764633A426F756E64733E0A2020202020203C2F62706D6E64693A42504D4E53686170653E0A2020202020203C62706D6E64693A42504D4E53686170652062706D6E456C656D656E743D22757365725461736B53747564656E744C656176654170706C79222069643D2242504D4E53686170655F757365725461736B53747564656E744C656176654170706C79223E0A20202020202020203C6F6D6764633A426F756E6473206865696768743D2235352E30222077696474683D223130352E302220783D223138302E302220793D2238332E30223E3C2F6F6D6764633A426F756E64733E0A2020202020203C2F62706D6E64693A42504D4E53686170653E0A2020202020203C62706D6E64693A42504D4E53686170652062706D6E456C656D656E743D22757365725461736B54656163686572417070726F7665222069643D2242504D4E53686170655F757365725461736B54656163686572417070726F7665223E0A20202020202020203C6F6D6764633A426F756E6473206865696768743D2235352E30222077696474683D223130352E302220783D223333302E302220793D2238332E30223E3C2F6F6D6764633A426F756E64733E0A2020202020203C2F62706D6E64693A42504D4E53686170653E0A2020202020203C62706D6E64693A42504D4E53686170652062706D6E456C656D656E743D22757365725461736B4C6561646572417070726F7665222069643D2242504D4E53686170655F757365725461736B4C6561646572417070726F7665223E0A20202020202020203C6F6D6764633A426F756E6473206865696768743D2235352E30222077696474683D223130352E302220783D223438302E302220793D2238332E30223E3C2F6F6D6764633A426F756E64733E0A2020202020203C2F62706D6E64693A42504D4E53686170653E0A2020202020203C62706D6E64693A42504D4E53686170652062706D6E456C656D656E743D22656E646576656E7431222069643D2242504D4E53686170655F656E646576656E7431223E0A20202020202020203C6F6D6764633A426F756E6473206865696768743D2233352E30222077696474683D2233352E302220783D223633302E302220793D2239332E30223E3C2F6F6D6764633A426F756E64733E0A2020202020203C2F62706D6E64693A42504D4E53686170653E0A2020202020203C62706D6E64693A42504D4E456467652062706D6E456C656D656E743D22666C6F7731222069643D2242504D4E456467655F666C6F7731223E0A20202020202020203C6F6D6764693A776179706F696E7420783D223133352E302220793D223131302E30223E3C2F6F6D6764693A776179706F696E743E0A20202020202020203C6F6D6764693A776179706F696E7420783D223138302E302220793D223131302E30223E3C2F6F6D6764693A776179706F696E743E0A2020202020203C2F62706D6E64693A42504D4E456467653E0A2020202020203C62706D6E64693A42504D4E456467652062706D6E456C656D656E743D22666C6F7732222069643D2242504D4E456467655F666C6F7732223E0A20202020202020203C6F6D6764693A776179706F696E7420783D223238352E302220793D223131302E30223E3C2F6F6D6764693A776179706F696E743E0A20202020202020203C6F6D6764693A776179706F696E7420783D223333302E302220793D223131302E30223E3C2F6F6D6764693A776179706F696E743E0A2020202020203C2F62706D6E64693A42504D4E456467653E0A2020202020203C62706D6E64693A42504D4E456467652062706D6E456C656D656E743D22666C6F7733222069643D2242504D4E456467655F666C6F7733223E0A20202020202020203C6F6D6764693A776179706F696E7420783D223433352E302220793D223131302E30223E3C2F6F6D6764693A776179706F696E743E0A20202020202020203C6F6D6764693A776179706F696E7420783D223438302E302220793D223131302E30223E3C2F6F6D6764693A776179706F696E743E0A2020202020203C2F62706D6E64693A42504D4E456467653E0A2020202020203C62706D6E64693A42504D4E456467652062706D6E456C656D656E743D22666C6F7734222069643D2242504D4E456467655F666C6F7734223E0A20202020202020203C6F6D6764693A776179706F696E7420783D223538352E302220793D223131302E30223E3C2F6F6D6764693A776179706F696E743E0A20202020202020203C6F6D6764693A776179706F696E7420783D223633302E302220793D223131302E30223E3C2F6F6D6764693A776179706F696E743E0A2020202020203C2F62706D6E64693A42504D4E456467653E0A202020203C2F62706D6E64693A42504D4E506C616E653E0A20203C2F62706D6E64693A42504D4E4469616772616D3E0A3C2F646566696E6974696F6E733E, 0);
INSERT INTO `act_ge_bytearray` VALUES ('25002', 1, 'LeaveApply2.bpmn', '25001', 0x3C3F786D6C2076657273696F6E3D22312E302220656E636F64696E673D225554462D38223F3E0A3C646566696E6974696F6E7320786D6C6E733D22687474703A2F2F7777772E6F6D672E6F72672F737065632F42504D4E2F32303130303532342F4D4F44454C2220786D6C6E733A7873693D22687474703A2F2F7777772E77332E6F72672F323030312F584D4C536368656D612D696E7374616E63652220786D6C6E733A7873643D22687474703A2F2F7777772E77332E6F72672F323030312F584D4C536368656D612220786D6C6E733A61637469766974693D22687474703A2F2F61637469766974692E6F72672F62706D6E2220786D6C6E733A62706D6E64693D22687474703A2F2F7777772E6F6D672E6F72672F737065632F42504D4E2F32303130303532342F44492220786D6C6E733A6F6D6764633D22687474703A2F2F7777772E6F6D672E6F72672F737065632F44442F32303130303532342F44432220786D6C6E733A6F6D6764693D22687474703A2F2F7777772E6F6D672E6F72672F737065632F44442F32303130303532342F44492220747970654C616E67756167653D22687474703A2F2F7777772E77332E6F72672F323030312F584D4C536368656D61222065787072657373696F6E4C616E67756167653D22687474703A2F2F7777772E77332E6F72672F313939392F585061746822207461726765744E616D6573706163653D22687474703A2F2F7777772E61637469766974692E6F72672F74657374223E0A20203C70726F636573732069643D224C656176654170706C793222206E616D653D22E8AFB7E58187E6B581E7A88BE6B58BE8AF95322220697345786563757461626C653D2274727565223E0A202020203C73746172744576656E742069643D227374617274657222206E616D653D225374617274223E0A2020202020203C646F63756D656E746174696F6E3EE5BC80E5A78BE8AFB7E581873C2F646F63756D656E746174696F6E3E0A202020203C2F73746172744576656E743E0A202020203C757365725461736B2069643D22757365725461736B53747564656E744C656176654170706C7922206E616D653D22E8AFB7E58187E794B3E8AFB7222061637469766974693A63616E64696461746547726F7570733D2273747564656E74223E0A2020202020203C646F63756D656E746174696F6E3EE5ADA6E7949FE8AFB7E58187E794B3E8AFB73C2F646F63756D656E746174696F6E3E0A202020203C2F757365725461736B3E0A202020203C73657175656E6365466C6F772069643D22666C6F77312220736F757263655265663D227374617274657222207461726765745265663D22757365725461736B53747564656E744C656176654170706C79223E3C2F73657175656E6365466C6F773E0A202020203C757365725461736B2069643D22757365725461736B54656163686572417070726F766522206E616D653D22E69599E5B888E5AEA1E689B9222061637469766974693A63616E64696461746547726F7570733D22746563686572223E3C2F757365725461736B3E0A202020203C73657175656E6365466C6F772069643D22666C6F77322220736F757263655265663D22757365725461736B53747564656E744C656176654170706C7922207461726765745265663D22757365725461736B54656163686572417070726F7665223E3C2F73657175656E6365466C6F773E0A202020203C757365725461736B2069643D22757365725461736B4C6561646572417070726F766522206E616D653D22E9A286E5AFBCE5AEA1E689B9222061637469766974693A63616E64696461746547726F7570733D226C6561646572223E3C2F757365725461736B3E0A202020203C73657175656E6365466C6F772069643D22666C6F77332220736F757263655265663D22757365725461736B54656163686572417070726F766522207461726765745265663D22757365725461736B4C6561646572417070726F7665223E3C2F73657175656E6365466C6F773E0A202020203C656E644576656E742069643D22656E646576656E743122206E616D653D22456E64223E3C2F656E644576656E743E0A202020203C73657175656E6365466C6F772069643D22666C6F77342220736F757263655265663D22757365725461736B4C6561646572417070726F766522207461726765745265663D22656E646576656E7431223E3C2F73657175656E6365466C6F773E0A20203C2F70726F636573733E0A20203C62706D6E64693A42504D4E4469616772616D2069643D2242504D4E4469616772616D5F4C656176654170706C7932223E0A202020203C62706D6E64693A42504D4E506C616E652062706D6E456C656D656E743D224C656176654170706C7932222069643D2242504D4E506C616E655F4C656176654170706C7932223E0A2020202020203C62706D6E64693A42504D4E53686170652062706D6E456C656D656E743D2273746172746572222069643D2242504D4E53686170655F73746172746572223E0A20202020202020203C6F6D6764633A426F756E6473206865696768743D2233352E30222077696474683D2233352E302220783D223130302E302220793D2239332E30223E3C2F6F6D6764633A426F756E64733E0A2020202020203C2F62706D6E64693A42504D4E53686170653E0A2020202020203C62706D6E64693A42504D4E53686170652062706D6E456C656D656E743D22757365725461736B53747564656E744C656176654170706C79222069643D2242504D4E53686170655F757365725461736B53747564656E744C656176654170706C79223E0A20202020202020203C6F6D6764633A426F756E6473206865696768743D2235352E30222077696474683D223130352E302220783D223138302E302220793D2238332E30223E3C2F6F6D6764633A426F756E64733E0A2020202020203C2F62706D6E64693A42504D4E53686170653E0A2020202020203C62706D6E64693A42504D4E53686170652062706D6E456C656D656E743D22757365725461736B54656163686572417070726F7665222069643D2242504D4E53686170655F757365725461736B54656163686572417070726F7665223E0A20202020202020203C6F6D6764633A426F756E6473206865696768743D2235352E30222077696474683D223130352E302220783D223333302E302220793D2238332E30223E3C2F6F6D6764633A426F756E64733E0A2020202020203C2F62706D6E64693A42504D4E53686170653E0A2020202020203C62706D6E64693A42504D4E53686170652062706D6E456C656D656E743D22757365725461736B4C6561646572417070726F7665222069643D2242504D4E53686170655F757365725461736B4C6561646572417070726F7665223E0A20202020202020203C6F6D6764633A426F756E6473206865696768743D2235352E30222077696474683D223130352E302220783D223438302E302220793D2238332E30223E3C2F6F6D6764633A426F756E64733E0A2020202020203C2F62706D6E64693A42504D4E53686170653E0A2020202020203C62706D6E64693A42504D4E53686170652062706D6E456C656D656E743D22656E646576656E7431222069643D2242504D4E53686170655F656E646576656E7431223E0A20202020202020203C6F6D6764633A426F756E6473206865696768743D2233352E30222077696474683D2233352E302220783D223633302E302220793D2239332E30223E3C2F6F6D6764633A426F756E64733E0A2020202020203C2F62706D6E64693A42504D4E53686170653E0A2020202020203C62706D6E64693A42504D4E456467652062706D6E456C656D656E743D22666C6F7731222069643D2242504D4E456467655F666C6F7731223E0A20202020202020203C6F6D6764693A776179706F696E7420783D223133352E302220793D223131302E30223E3C2F6F6D6764693A776179706F696E743E0A20202020202020203C6F6D6764693A776179706F696E7420783D223138302E302220793D223131302E30223E3C2F6F6D6764693A776179706F696E743E0A2020202020203C2F62706D6E64693A42504D4E456467653E0A2020202020203C62706D6E64693A42504D4E456467652062706D6E456C656D656E743D22666C6F7732222069643D2242504D4E456467655F666C6F7732223E0A20202020202020203C6F6D6764693A776179706F696E7420783D223238352E302220793D223131302E30223E3C2F6F6D6764693A776179706F696E743E0A20202020202020203C6F6D6764693A776179706F696E7420783D223333302E302220793D223131302E30223E3C2F6F6D6764693A776179706F696E743E0A2020202020203C2F62706D6E64693A42504D4E456467653E0A2020202020203C62706D6E64693A42504D4E456467652062706D6E456C656D656E743D22666C6F7733222069643D2242504D4E456467655F666C6F7733223E0A20202020202020203C6F6D6764693A776179706F696E7420783D223433352E302220793D223131302E30223E3C2F6F6D6764693A776179706F696E743E0A20202020202020203C6F6D6764693A776179706F696E7420783D223438302E302220793D223131302E30223E3C2F6F6D6764693A776179706F696E743E0A2020202020203C2F62706D6E64693A42504D4E456467653E0A2020202020203C62706D6E64693A42504D4E456467652062706D6E456C656D656E743D22666C6F7734222069643D2242504D4E456467655F666C6F7734223E0A20202020202020203C6F6D6764693A776179706F696E7420783D223538352E302220793D223131302E30223E3C2F6F6D6764693A776179706F696E743E0A20202020202020203C6F6D6764693A776179706F696E7420783D223633302E302220793D223131302E30223E3C2F6F6D6764693A776179706F696E743E0A2020202020203C2F62706D6E64693A42504D4E456467653E0A202020203C2F62706D6E64693A42504D4E506C616E653E0A20203C2F62706D6E64693A42504D4E4469616772616D3E0A3C2F646566696E6974696F6E733E, 0);
INSERT INTO `act_ge_bytearray` VALUES ('25003', 1, 'LeaveApply.bpmn', '25001', 0x3C3F786D6C2076657273696F6E3D22312E302220656E636F64696E673D225554462D3822207374616E64616C6F6E653D22796573223F3E0D0A3C646566696E6974696F6E7320786D6C6E733D22687474703A2F2F7777772E6F6D672E6F72672F737065632F42504D4E2F32303130303532342F4D4F44454C2220786D6C6E733A61637469766974693D22687474703A2F2F61637469766974692E6F72672F62706D6E2220786D6C6E733A62706D6E64693D22687474703A2F2F7777772E6F6D672E6F72672F737065632F42504D4E2F32303130303532342F44492220786D6C6E733A64633D22687474703A2F2F7777772E6F6D672E6F72672F737065632F44442F32303130303532342F44432220786D6C6E733A64693D22687474703A2F2F7777772E6F6D672E6F72672F737065632F44442F32303130303532342F44492220786D6C6E733A7873643D22687474703A2F2F7777772E77332E6F72672F323030312F584D4C536368656D612220786D6C6E733A7873693D22687474703A2F2F7777772E77332E6F72672F323030312F584D4C536368656D612D696E7374616E6365222065787072657373696F6E4C616E67756167653D22687474703A2F2F7777772E77332E6F72672F313939392F5850617468222069643D226D3135363234353335313135303322206E616D653D2222207461726765744E616D6573706163653D22687474703A2F2F7777772E61637469766974692E6F72672F746573746D313536323435333531313530332220747970654C616E67756167653D22687474703A2F2F7777772E77332E6F72672F323030312F584D4C536368656D61223E0D0A20203C70726F636573732069643D226D7950726F636573735F3122206973436C6F7365643D2266616C73652220697345786563757461626C653D2274727565222070726F63657373547970653D224E6F6E65223E0D0A202020203C73746172744576656E742069643D225F3222206E616D653D2253746172744576656E74222F3E0D0A202020203C757365725461736B2061637469766974693A6578636C75736976653D2274727565222069643D225F3322206E616D653D22557365725461736B222F3E0D0A202020203C757365725461736B2061637469766974693A6578636C75736976653D2274727565222069643D225F3422206E616D653D22557365725461736B222F3E0D0A202020203C656E644576656E742069643D225F3522206E616D653D22456E644576656E74222F3E0D0A202020203C73657175656E6365466C6F772069643D225F362220736F757263655265663D225F3222207461726765745265663D225F33222F3E0D0A202020203C73657175656E6365466C6F772069643D225F372220736F757263655265663D225F3322207461726765745265663D225F34222F3E0D0A202020203C73657175656E6365466C6F772069643D225F382220736F757263655265663D225F3422207461726765745265663D225F35222F3E0D0A20203C2F70726F636573733E0D0A20203C62706D6E64693A42504D4E4469616772616D20646F63756D656E746174696F6E3D226261636B67726F756E643D234646464646463B636F756E743D313B686F72697A6F6E74616C636F756E743D313B6F7269656E746174696F6E3D303B77696474683D3834322E343B6865696768743D313139352E323B696D61676561626C6557696474683D3833322E343B696D61676561626C654865696768743D313138352E323B696D61676561626C65583D352E303B696D61676561626C65593D352E30222069643D224469616772616D2D5F3122206E616D653D224E6577204469616772616D223E0D0A202020203C62706D6E64693A42504D4E506C616E652062706D6E456C656D656E743D226D7950726F636573735F31223E0D0A2020202020203C62706D6E64693A42504D4E53686170652062706D6E456C656D656E743D225F32222069643D2253686170652D5F32223E0D0A20202020202020203C64633A426F756E6473206865696768743D2233322E30222077696474683D2233322E302220783D223132352E302220793D2239352E30222F3E0D0A20202020202020203C62706D6E64693A42504D4E4C6162656C3E0D0A202020202020202020203C64633A426F756E6473206865696768743D2233322E30222077696474683D2233322E302220783D22302E302220793D22302E30222F3E0D0A20202020202020203C2F62706D6E64693A42504D4E4C6162656C3E0D0A2020202020203C2F62706D6E64693A42504D4E53686170653E0D0A2020202020203C62706D6E64693A42504D4E53686170652062706D6E456C656D656E743D225F33222069643D2253686170652D5F33223E0D0A20202020202020203C64633A426F756E6473206865696768743D2235352E30222077696474683D2238352E302220783D223234352E302220793D2238302E30222F3E0D0A20202020202020203C62706D6E64693A42504D4E4C6162656C3E0D0A202020202020202020203C64633A426F756E6473206865696768743D2235352E30222077696474683D2238352E302220783D22302E302220793D22302E30222F3E0D0A20202020202020203C2F62706D6E64693A42504D4E4C6162656C3E0D0A2020202020203C2F62706D6E64693A42504D4E53686170653E0D0A2020202020203C62706D6E64693A42504D4E53686170652062706D6E456C656D656E743D225F34222069643D2253686170652D5F34223E0D0A20202020202020203C64633A426F756E6473206865696768743D2235352E30222077696474683D2238352E302220783D223435302E302220793D223130302E30222F3E0D0A20202020202020203C62706D6E64693A42504D4E4C6162656C3E0D0A202020202020202020203C64633A426F756E6473206865696768743D2235352E30222077696474683D2238352E302220783D22302E302220793D22302E30222F3E0D0A20202020202020203C2F62706D6E64693A42504D4E4C6162656C3E0D0A2020202020203C2F62706D6E64693A42504D4E53686170653E0D0A2020202020203C62706D6E64693A42504D4E53686170652062706D6E456C656D656E743D225F35222069643D2253686170652D5F35223E0D0A20202020202020203C64633A426F756E6473206865696768743D2233322E30222077696474683D2233322E302220783D223537302E302220793D223134352E30222F3E0D0A20202020202020203C62706D6E64693A42504D4E4C6162656C3E0D0A202020202020202020203C64633A426F756E6473206865696768743D2233322E30222077696474683D2233322E302220783D22302E302220793D22302E30222F3E0D0A20202020202020203C2F62706D6E64693A42504D4E4C6162656C3E0D0A2020202020203C2F62706D6E64693A42504D4E53686170653E0D0A2020202020203C62706D6E64693A42504D4E456467652062706D6E456C656D656E743D225F36222069643D2242504D4E456467655F5F362220736F75726365456C656D656E743D225F322220746172676574456C656D656E743D225F33223E0D0A20202020202020203C64693A776179706F696E7420783D223135372E302220793D223131312E30222F3E0D0A20202020202020203C64693A776179706F696E7420783D223234352E302220793D223130372E35222F3E0D0A20202020202020203C62706D6E64693A42504D4E4C6162656C3E0D0A202020202020202020203C64633A426F756E6473206865696768743D22302E30222077696474683D22302E302220783D22302E302220793D22302E30222F3E0D0A20202020202020203C2F62706D6E64693A42504D4E4C6162656C3E0D0A2020202020203C2F62706D6E64693A42504D4E456467653E0D0A2020202020203C62706D6E64693A42504D4E456467652062706D6E456C656D656E743D225F37222069643D2242504D4E456467655F5F372220736F75726365456C656D656E743D225F332220746172676574456C656D656E743D225F34223E0D0A20202020202020203C64693A776179706F696E7420783D223333302E302220793D223130372E35222F3E0D0A20202020202020203C64693A776179706F696E7420783D223435302E302220793D223132372E35222F3E0D0A20202020202020203C62706D6E64693A42504D4E4C6162656C3E0D0A202020202020202020203C64633A426F756E6473206865696768743D22302E30222077696474683D22302E302220783D22302E302220793D22302E30222F3E0D0A20202020202020203C2F62706D6E64693A42504D4E4C6162656C3E0D0A2020202020203C2F62706D6E64693A42504D4E456467653E0D0A2020202020203C62706D6E64693A42504D4E456467652062706D6E456C656D656E743D225F38222069643D2242504D4E456467655F5F382220736F75726365456C656D656E743D225F342220746172676574456C656D656E743D225F35223E0D0A20202020202020203C64693A776179706F696E7420783D223533352E302220793D223132372E35222F3E0D0A20202020202020203C64693A776179706F696E7420783D223537302E302220793D223136312E30222F3E0D0A20202020202020203C62706D6E64693A42504D4E4C6162656C3E0D0A202020202020202020203C64633A426F756E6473206865696768743D22302E30222077696474683D22302E302220783D22302E302220793D22302E30222F3E0D0A20202020202020203C2F62706D6E64693A42504D4E4C6162656C3E0D0A2020202020203C2F62706D6E64693A42504D4E456467653E0D0A202020203C2F62706D6E64693A42504D4E506C616E653E0D0A20203C2F62706D6E64693A42504D4E4469616772616D3E0D0A3C2F646566696E6974696F6E733E0D0A, 0);
INSERT INTO `act_ge_bytearray` VALUES ('3', 1, 'E:\\work\\workspace\\git\\oschina\\yylframework\\framework-parent\\framework-flow\\target\\classes\\com\\youyoulong\\framework\\flow\\activiti\\bpmn\\leave\\LeaveApply2.bpmn', '1', 0x3C3F786D6C2076657273696F6E3D22312E302220656E636F64696E673D225554462D38223F3E0A3C646566696E6974696F6E7320786D6C6E733D22687474703A2F2F7777772E6F6D672E6F72672F737065632F42504D4E2F32303130303532342F4D4F44454C2220786D6C6E733A7873693D22687474703A2F2F7777772E77332E6F72672F323030312F584D4C536368656D612D696E7374616E63652220786D6C6E733A7873643D22687474703A2F2F7777772E77332E6F72672F323030312F584D4C536368656D612220786D6C6E733A61637469766974693D22687474703A2F2F61637469766974692E6F72672F62706D6E2220786D6C6E733A62706D6E64693D22687474703A2F2F7777772E6F6D672E6F72672F737065632F42504D4E2F32303130303532342F44492220786D6C6E733A6F6D6764633D22687474703A2F2F7777772E6F6D672E6F72672F737065632F44442F32303130303532342F44432220786D6C6E733A6F6D6764693D22687474703A2F2F7777772E6F6D672E6F72672F737065632F44442F32303130303532342F44492220747970654C616E67756167653D22687474703A2F2F7777772E77332E6F72672F323030312F584D4C536368656D61222065787072657373696F6E4C616E67756167653D22687474703A2F2F7777772E77332E6F72672F313939392F585061746822207461726765744E616D6573706163653D22687474703A2F2F7777772E61637469766974692E6F72672F74657374223E0A20203C70726F636573732069643D224C656176654170706C793222206E616D653D22E8AFB7E58187E6B581E7A88BE6B58BE8AF95322220697345786563757461626C653D2274727565223E0A202020203C73746172744576656E742069643D227374617274657222206E616D653D225374617274223E0A2020202020203C646F63756D656E746174696F6E3EE5BC80E5A78BE8AFB7E581873C2F646F63756D656E746174696F6E3E0A202020203C2F73746172744576656E743E0A202020203C757365725461736B2069643D22757365725461736B53747564656E744C656176654170706C7922206E616D653D22E8AFB7E58187E794B3E8AFB7222061637469766974693A63616E64696461746547726F7570733D2273747564656E74223E0A2020202020203C646F63756D656E746174696F6E3EE5ADA6E7949FE8AFB7E58187E794B3E8AFB73C2F646F63756D656E746174696F6E3E0A202020203C2F757365725461736B3E0A202020203C73657175656E6365466C6F772069643D22666C6F77312220736F757263655265663D227374617274657222207461726765745265663D22757365725461736B53747564656E744C656176654170706C79223E3C2F73657175656E6365466C6F773E0A202020203C757365725461736B2069643D22757365725461736B54656163686572417070726F766522206E616D653D22E69599E5B888E5AEA1E689B9222061637469766974693A63616E64696461746547726F7570733D22746563686572223E3C2F757365725461736B3E0A202020203C73657175656E6365466C6F772069643D22666C6F77322220736F757263655265663D22757365725461736B53747564656E744C656176654170706C7922207461726765745265663D22757365725461736B54656163686572417070726F7665223E3C2F73657175656E6365466C6F773E0A202020203C757365725461736B2069643D22757365725461736B4C6561646572417070726F766522206E616D653D22E9A286E5AFBCE5AEA1E689B9222061637469766974693A63616E64696461746547726F7570733D226C6561646572223E3C2F757365725461736B3E0A202020203C73657175656E6365466C6F772069643D22666C6F77332220736F757263655265663D22757365725461736B54656163686572417070726F766522207461726765745265663D22757365725461736B4C6561646572417070726F7665223E3C2F73657175656E6365466C6F773E0A202020203C656E644576656E742069643D22656E646576656E743122206E616D653D22456E64223E3C2F656E644576656E743E0A202020203C73657175656E6365466C6F772069643D22666C6F77342220736F757263655265663D22757365725461736B4C6561646572417070726F766522207461726765745265663D22656E646576656E7431223E3C2F73657175656E6365466C6F773E0A20203C2F70726F636573733E0A20203C62706D6E64693A42504D4E4469616772616D2069643D2242504D4E4469616772616D5F4C656176654170706C7932223E0A202020203C62706D6E64693A42504D4E506C616E652062706D6E456C656D656E743D224C656176654170706C7932222069643D2242504D4E506C616E655F4C656176654170706C7932223E0A2020202020203C62706D6E64693A42504D4E53686170652062706D6E456C656D656E743D2273746172746572222069643D2242504D4E53686170655F73746172746572223E0A20202020202020203C6F6D6764633A426F756E6473206865696768743D2233352E30222077696474683D2233352E302220783D223130302E302220793D2239332E30223E3C2F6F6D6764633A426F756E64733E0A2020202020203C2F62706D6E64693A42504D4E53686170653E0A2020202020203C62706D6E64693A42504D4E53686170652062706D6E456C656D656E743D22757365725461736B53747564656E744C656176654170706C79222069643D2242504D4E53686170655F757365725461736B53747564656E744C656176654170706C79223E0A20202020202020203C6F6D6764633A426F756E6473206865696768743D2235352E30222077696474683D223130352E302220783D223138302E302220793D2238332E30223E3C2F6F6D6764633A426F756E64733E0A2020202020203C2F62706D6E64693A42504D4E53686170653E0A2020202020203C62706D6E64693A42504D4E53686170652062706D6E456C656D656E743D22757365725461736B54656163686572417070726F7665222069643D2242504D4E53686170655F757365725461736B54656163686572417070726F7665223E0A20202020202020203C6F6D6764633A426F756E6473206865696768743D2235352E30222077696474683D223130352E302220783D223333302E302220793D2238332E30223E3C2F6F6D6764633A426F756E64733E0A2020202020203C2F62706D6E64693A42504D4E53686170653E0A2020202020203C62706D6E64693A42504D4E53686170652062706D6E456C656D656E743D22757365725461736B4C6561646572417070726F7665222069643D2242504D4E53686170655F757365725461736B4C6561646572417070726F7665223E0A20202020202020203C6F6D6764633A426F756E6473206865696768743D2235352E30222077696474683D223130352E302220783D223438302E302220793D2238332E30223E3C2F6F6D6764633A426F756E64733E0A2020202020203C2F62706D6E64693A42504D4E53686170653E0A2020202020203C62706D6E64693A42504D4E53686170652062706D6E456C656D656E743D22656E646576656E7431222069643D2242504D4E53686170655F656E646576656E7431223E0A20202020202020203C6F6D6764633A426F756E6473206865696768743D2233352E30222077696474683D2233352E302220783D223633302E302220793D2239332E30223E3C2F6F6D6764633A426F756E64733E0A2020202020203C2F62706D6E64693A42504D4E53686170653E0A2020202020203C62706D6E64693A42504D4E456467652062706D6E456C656D656E743D22666C6F7731222069643D2242504D4E456467655F666C6F7731223E0A20202020202020203C6F6D6764693A776179706F696E7420783D223133352E302220793D223131302E30223E3C2F6F6D6764693A776179706F696E743E0A20202020202020203C6F6D6764693A776179706F696E7420783D223138302E302220793D223131302E30223E3C2F6F6D6764693A776179706F696E743E0A2020202020203C2F62706D6E64693A42504D4E456467653E0A2020202020203C62706D6E64693A42504D4E456467652062706D6E456C656D656E743D22666C6F7732222069643D2242504D4E456467655F666C6F7732223E0A20202020202020203C6F6D6764693A776179706F696E7420783D223238352E302220793D223131302E30223E3C2F6F6D6764693A776179706F696E743E0A20202020202020203C6F6D6764693A776179706F696E7420783D223333302E302220793D223131302E30223E3C2F6F6D6764693A776179706F696E743E0A2020202020203C2F62706D6E64693A42504D4E456467653E0A2020202020203C62706D6E64693A42504D4E456467652062706D6E456C656D656E743D22666C6F7733222069643D2242504D4E456467655F666C6F7733223E0A20202020202020203C6F6D6764693A776179706F696E7420783D223433352E302220793D223131302E30223E3C2F6F6D6764693A776179706F696E743E0A20202020202020203C6F6D6764693A776179706F696E7420783D223438302E302220793D223131302E30223E3C2F6F6D6764693A776179706F696E743E0A2020202020203C2F62706D6E64693A42504D4E456467653E0A2020202020203C62706D6E64693A42504D4E456467652062706D6E456C656D656E743D22666C6F7734222069643D2242504D4E456467655F666C6F7734223E0A20202020202020203C6F6D6764693A776179706F696E7420783D223538352E302220793D223131302E30223E3C2F6F6D6764693A776179706F696E743E0A20202020202020203C6F6D6764693A776179706F696E7420783D223633302E302220793D223131302E30223E3C2F6F6D6764693A776179706F696E743E0A2020202020203C2F62706D6E64693A42504D4E456467653E0A202020203C2F62706D6E64693A42504D4E506C616E653E0A20203C2F62706D6E64693A42504D4E4469616772616D3E0A3C2F646566696E6974696F6E733E, 0);
INSERT INTO `act_ge_bytearray` VALUES ('5002', 1, 'E:\\work\\workspace\\git\\oschina\\yylframework\\framework-parent\\framework-flow\\target\\classes\\com\\youyoulong\\framework\\flow\\activiti\\bpmn\\leave\\LeaveApply.bpmn', '5001', 0x3C3F786D6C2076657273696F6E3D22312E302220656E636F64696E673D225554462D3822207374616E64616C6F6E653D22796573223F3E0A3C646566696E6974696F6E7320786D6C6E733D22687474703A2F2F7777772E6F6D672E6F72672F737065632F42504D4E2F32303130303532342F4D4F44454C2220786D6C6E733A61637469766974693D22687474703A2F2F61637469766974692E6F72672F62706D6E2220786D6C6E733A62706D6E64693D22687474703A2F2F7777772E6F6D672E6F72672F737065632F42504D4E2F32303130303532342F44492220786D6C6E733A6F6D6764633D22687474703A2F2F7777772E6F6D672E6F72672F737065632F44442F32303130303532342F44432220786D6C6E733A6F6D6764693D22687474703A2F2F7777772E6F6D672E6F72672F737065632F44442F32303130303532342F44492220786D6C6E733A746E733D22687474703A2F2F7777772E61637469766974692E6F72672F746573742220786D6C6E733A7873643D22687474703A2F2F7777772E77332E6F72672F323030312F584D4C536368656D612220786D6C6E733A7873693D22687474703A2F2F7777772E77332E6F72672F323030312F584D4C536368656D612D696E7374616E6365222065787072657373696F6E4C616E67756167653D22687474703A2F2F7777772E77332E6F72672F313939392F5850617468222069643D226D3135363232393433333334373122206E616D653D2222207461726765744E616D6573706163653D22687474703A2F2F7777772E61637469766974692E6F72672F746573742220747970654C616E67756167653D22687474703A2F2F7777772E77332E6F72672F323030312F584D4C536368656D61223E0A20203C70726F636573732069643D224C656176654170706C7922206973436C6F7365643D2266616C73652220697345786563757461626C653D227472756522206E616D653D22E8AFB7E58187E6B581E7A88B222070726F63657373547970653D224E6F6E65223E0A202020203C73746172744576656E742069643D227374617274657222206E616D653D225374617274223E0A2020202020203C646F63756D656E746174696F6E2069643D22737461727465725F445F31223E3C215B43444154415BE5BC80E5A78BE7BB93E782B95D5D3E3C2F646F63756D656E746174696F6E3E0A202020203C2F73746172744576656E743E0A202020203C757365725461736B2061637469766974693A63616E64696461746547726F7570733D2273747564656E74222061637469766974693A6578636C75736976653D2274727565222069643D22757365725461736B53747564656E744C656176654170706C7922206E616D653D22E794B3E8AFB7E4BABAE794B3E8AFB7223E0A2020202020203C646F63756D656E746174696F6E2069643D22757365725461736B53747564656E744C656176654170706C795F445F31223E3C215B43444154415BE794B3E8AFB7E4BABAE794B3E8AFB75D5D3E3C2F646F63756D656E746174696F6E3E0A202020203C2F757365725461736B3E0A202020203C73657175656E6365466C6F772069643D22666C6F77312220736F757263655265663D227374617274657222207461726765745265663D22757365725461736B53747564656E744C656176654170706C79222F3E0A202020203C757365725461736B2061637469766974693A63616E64696461746547726F7570733D22746563686572222061637469766974693A6578636C75736976653D2274727565222069643D22757365725461736B54656163686572417070726F766522206E616D653D22E9A286E5AFBCE5AEA1E689B9223E0A2020202020203C646F63756D656E746174696F6E2069643D22757365725461736B54656163686572417070726F76655F445F31223E3C215B43444154415BE5AEA1E689B95D5D3E3C2F646F63756D656E746174696F6E3E0A202020203C2F757365725461736B3E0A202020203C73657175656E6365466C6F772069643D22666C6F77322220736F757263655265663D22757365725461736B53747564656E744C656176654170706C7922207461726765745265663D22757365725461736B54656163686572417070726F7665222F3E0A202020203C757365725461736B2061637469766974693A63616E64696461746547726F7570733D226C6561646572222061637469766974693A6578636C75736976653D2274727565222069643D22757365725461736B4C6561646572417070726F766522206E616D653D22E99480E58187222F3E0A202020203C73657175656E6365466C6F772069643D22666C6F77332220736F757263655265663D22757365725461736B54656163686572417070726F766522207461726765745265663D22757365725461736B4C6561646572417070726F7665222F3E0A202020203C656E644576656E742069643D22656E646576656E743122206E616D653D22456E64223E0A2020202020203C646F63756D656E746174696F6E2069643D22656E646576656E74315F445F31223E3C215B43444154415B656E645D5D3E3C2F646F63756D656E746174696F6E3E0A202020203C2F656E644576656E743E0A202020203C73657175656E6365466C6F772069643D22666C6F77342220736F757263655265663D22757365725461736B4C6561646572417070726F766522207461726765745265663D22656E646576656E7431222F3E0A20203C2F70726F636573733E0A20203C62706D6E64693A42504D4E4469616772616D20646F63756D656E746174696F6E3D226261636B67726F756E643D234646464646463B636F756E743D313B686F72697A6F6E74616C636F756E743D313B6F7269656E746174696F6E3D303B77696474683D3834322E343B6865696768743D313139352E323B696D61676561626C6557696474683D3833322E343B696D61676561626C654865696768743D313138352E323B696D61676561626C65583D352E303B696D61676561626C65593D352E30222069643D224469616772616D2D5F3122206E616D653D224E6577204469616772616D223E0A202020203C62706D6E64693A42504D4E506C616E652062706D6E456C656D656E743D224C656176654170706C79223E0A2020202020203C62706D6E64693A42504D4E53686170652062706D6E456C656D656E743D2273746172746572222069643D2253686170652D73746172746572223E0A20202020202020203C6F6D6764633A426F756E6473206865696768743D2233322E30222077696474683D2233322E302220783D223130302E302220793D2239332E30222F3E0A20202020202020203C62706D6E64693A42504D4E4C6162656C3E0A202020202020202020203C6F6D6764633A426F756E6473206865696768743D2233322E30222077696474683D2233322E302220783D22302E302220793D22302E30222F3E0A20202020202020203C2F62706D6E64693A42504D4E4C6162656C3E0A2020202020203C2F62706D6E64693A42504D4E53686170653E0A2020202020203C62706D6E64693A42504D4E53686170652062706D6E456C656D656E743D22757365725461736B53747564656E744C656176654170706C79222069643D2253686170652D757365725461736B53747564656E744C656176654170706C79223E0A20202020202020203C6F6D6764633A426F756E6473206865696768743D2235352E30222077696474683D223130352E302220783D223138302E302220793D2238332E30222F3E0A20202020202020203C62706D6E64693A42504D4E4C6162656C3E0A202020202020202020203C6F6D6764633A426F756E6473206865696768743D2235352E30222077696474683D223130352E302220783D22302E302220793D22302E30222F3E0A20202020202020203C2F62706D6E64693A42504D4E4C6162656C3E0A2020202020203C2F62706D6E64693A42504D4E53686170653E0A2020202020203C62706D6E64693A42504D4E53686170652062706D6E456C656D656E743D22757365725461736B54656163686572417070726F7665222069643D2253686170652D757365725461736B54656163686572417070726F7665223E0A20202020202020203C6F6D6764633A426F756E6473206865696768743D2235352E30222077696474683D223130352E302220783D223333302E302220793D2238332E30222F3E0A20202020202020203C62706D6E64693A42504D4E4C6162656C3E0A202020202020202020203C6F6D6764633A426F756E6473206865696768743D2235352E30222077696474683D223130352E302220783D22302E302220793D22302E30222F3E0A20202020202020203C2F62706D6E64693A42504D4E4C6162656C3E0A2020202020203C2F62706D6E64693A42504D4E53686170653E0A2020202020203C62706D6E64693A42504D4E53686170652062706D6E456C656D656E743D22757365725461736B4C6561646572417070726F7665222069643D2253686170652D757365725461736B4C6561646572417070726F7665223E0A20202020202020203C6F6D6764633A426F756E6473206865696768743D2235352E30222077696474683D223130352E302220783D223438302E302220793D2238332E30222F3E0A20202020202020203C62706D6E64693A42504D4E4C6162656C3E0A202020202020202020203C6F6D6764633A426F756E6473206865696768743D2235352E30222077696474683D223130352E302220783D22302E302220793D22302E30222F3E0A20202020202020203C2F62706D6E64693A42504D4E4C6162656C3E0A2020202020203C2F62706D6E64693A42504D4E53686170653E0A2020202020203C62706D6E64693A42504D4E53686170652062706D6E456C656D656E743D22656E646576656E7431222069643D2253686170652D656E646576656E7431223E0A20202020202020203C6F6D6764633A426F756E6473206865696768743D2233322E30222077696474683D2233322E302220783D223633302E302220793D2239332E30222F3E0A20202020202020203C62706D6E64693A42504D4E4C6162656C3E0A202020202020202020203C6F6D6764633A426F756E6473206865696768743D2233322E30222077696474683D2233322E302220783D22302E302220793D22302E30222F3E0A20202020202020203C2F62706D6E64693A42504D4E4C6162656C3E0A2020202020203C2F62706D6E64693A42504D4E53686170653E0A2020202020203C62706D6E64693A42504D4E456467652062706D6E456C656D656E743D22666C6F7731222069643D2242504D4E456467655F666C6F77312220736F75726365456C656D656E743D22737461727465722220746172676574456C656D656E743D22757365725461736B53747564656E744C656176654170706C79223E0A20202020202020203C6F6D6764693A776179706F696E7420783D223133322E302220793D223130392E30222F3E0A20202020202020203C6F6D6764693A776179706F696E7420783D223138302E302220793D223131302E35222F3E0A20202020202020203C62706D6E64693A42504D4E4C6162656C3E0A202020202020202020203C6F6D6764633A426F756E6473206865696768743D222D312E30222077696474683D222D312E302220783D222D312E302220793D222D312E30222F3E0A20202020202020203C2F62706D6E64693A42504D4E4C6162656C3E0A2020202020203C2F62706D6E64693A42504D4E456467653E0A2020202020203C62706D6E64693A42504D4E456467652062706D6E456C656D656E743D22666C6F7732222069643D2242504D4E456467655F666C6F77322220736F75726365456C656D656E743D22757365725461736B53747564656E744C656176654170706C792220746172676574456C656D656E743D22757365725461736B54656163686572417070726F7665223E0A20202020202020203C6F6D6764693A776179706F696E7420783D223238352E302220793D223131302E35222F3E0A20202020202020203C6F6D6764693A776179706F696E7420783D223333302E302220793D223131302E35222F3E0A20202020202020203C62706D6E64693A42504D4E4C6162656C3E0A202020202020202020203C6F6D6764633A426F756E6473206865696768743D222D312E30222077696474683D222D312E302220783D222D312E302220793D222D312E30222F3E0A20202020202020203C2F62706D6E64693A42504D4E4C6162656C3E0A2020202020203C2F62706D6E64693A42504D4E456467653E0A2020202020203C62706D6E64693A42504D4E456467652062706D6E456C656D656E743D22666C6F7733222069643D2242504D4E456467655F666C6F77332220736F75726365456C656D656E743D22757365725461736B54656163686572417070726F76652220746172676574456C656D656E743D22757365725461736B4C6561646572417070726F7665223E0A20202020202020203C6F6D6764693A776179706F696E7420783D223433352E302220793D223131302E35222F3E0A20202020202020203C6F6D6764693A776179706F696E7420783D223438302E302220793D223131302E35222F3E0A20202020202020203C62706D6E64693A42504D4E4C6162656C3E0A202020202020202020203C6F6D6764633A426F756E6473206865696768743D222D312E30222077696474683D222D312E302220783D222D312E302220793D222D312E30222F3E0A20202020202020203C2F62706D6E64693A42504D4E4C6162656C3E0A2020202020203C2F62706D6E64693A42504D4E456467653E0A2020202020203C62706D6E64693A42504D4E456467652062706D6E456C656D656E743D22666C6F7734222069643D2242504D4E456467655F666C6F77342220736F75726365456C656D656E743D22757365725461736B4C6561646572417070726F76652220746172676574456C656D656E743D22656E646576656E7431223E0A20202020202020203C6F6D6764693A776179706F696E7420783D223538352E302220793D223131302E35222F3E0A20202020202020203C6F6D6764693A776179706F696E7420783D223633302E302220793D223130392E30222F3E0A20202020202020203C62706D6E64693A42504D4E4C6162656C3E0A202020202020202020203C6F6D6764633A426F756E6473206865696768743D222D312E30222077696474683D222D312E302220783D222D312E302220793D222D312E30222F3E0A20202020202020203C2F62706D6E64693A42504D4E4C6162656C3E0A2020202020203C2F62706D6E64693A42504D4E456467653E0A202020203C2F62706D6E64693A42504D4E506C616E653E0A20203C2F62706D6E64693A42504D4E4469616772616D3E0A3C2F646566696E6974696F6E733E0A, 0);
INSERT INTO `act_ge_bytearray` VALUES ('5003', 1, 'E:\\work\\workspace\\git\\oschina\\yylframework\\framework-parent\\framework-flow\\target\\classes\\com\\youyoulong\\framework\\flow\\activiti\\bpmn\\leave\\LeaveApply2.bpmn', '5001', 0x3C3F786D6C2076657273696F6E3D22312E302220656E636F64696E673D225554462D38223F3E0A3C646566696E6974696F6E7320786D6C6E733D22687474703A2F2F7777772E6F6D672E6F72672F737065632F42504D4E2F32303130303532342F4D4F44454C2220786D6C6E733A7873693D22687474703A2F2F7777772E77332E6F72672F323030312F584D4C536368656D612D696E7374616E63652220786D6C6E733A7873643D22687474703A2F2F7777772E77332E6F72672F323030312F584D4C536368656D612220786D6C6E733A61637469766974693D22687474703A2F2F61637469766974692E6F72672F62706D6E2220786D6C6E733A62706D6E64693D22687474703A2F2F7777772E6F6D672E6F72672F737065632F42504D4E2F32303130303532342F44492220786D6C6E733A6F6D6764633D22687474703A2F2F7777772E6F6D672E6F72672F737065632F44442F32303130303532342F44432220786D6C6E733A6F6D6764693D22687474703A2F2F7777772E6F6D672E6F72672F737065632F44442F32303130303532342F44492220747970654C616E67756167653D22687474703A2F2F7777772E77332E6F72672F323030312F584D4C536368656D61222065787072657373696F6E4C616E67756167653D22687474703A2F2F7777772E77332E6F72672F313939392F585061746822207461726765744E616D6573706163653D22687474703A2F2F7777772E61637469766974692E6F72672F74657374223E0A20203C70726F636573732069643D224C656176654170706C793222206E616D653D22E8AFB7E58187E6B581E7A88BE6B58BE8AF95322220697345786563757461626C653D2274727565223E0A202020203C73746172744576656E742069643D227374617274657222206E616D653D225374617274223E0A2020202020203C646F63756D656E746174696F6E3EE5BC80E5A78BE8AFB7E581873C2F646F63756D656E746174696F6E3E0A202020203C2F73746172744576656E743E0A202020203C757365725461736B2069643D22757365725461736B53747564656E744C656176654170706C7922206E616D653D22E8AFB7E58187E794B3E8AFB7222061637469766974693A63616E64696461746547726F7570733D2273747564656E74223E0A2020202020203C646F63756D656E746174696F6E3EE5ADA6E7949FE8AFB7E58187E794B3E8AFB73C2F646F63756D656E746174696F6E3E0A202020203C2F757365725461736B3E0A202020203C73657175656E6365466C6F772069643D22666C6F77312220736F757263655265663D227374617274657222207461726765745265663D22757365725461736B53747564656E744C656176654170706C79223E3C2F73657175656E6365466C6F773E0A202020203C757365725461736B2069643D22757365725461736B54656163686572417070726F766522206E616D653D22E69599E5B888E5AEA1E689B9222061637469766974693A63616E64696461746547726F7570733D22746563686572223E3C2F757365725461736B3E0A202020203C73657175656E6365466C6F772069643D22666C6F77322220736F757263655265663D22757365725461736B53747564656E744C656176654170706C7922207461726765745265663D22757365725461736B54656163686572417070726F7665223E3C2F73657175656E6365466C6F773E0A202020203C757365725461736B2069643D22757365725461736B4C6561646572417070726F766522206E616D653D22E9A286E5AFBCE5AEA1E689B9222061637469766974693A63616E64696461746547726F7570733D226C6561646572223E3C2F757365725461736B3E0A202020203C73657175656E6365466C6F772069643D22666C6F77332220736F757263655265663D22757365725461736B54656163686572417070726F766522207461726765745265663D22757365725461736B4C6561646572417070726F7665223E3C2F73657175656E6365466C6F773E0A202020203C656E644576656E742069643D22656E646576656E743122206E616D653D22456E64223E3C2F656E644576656E743E0A202020203C73657175656E6365466C6F772069643D22666C6F77342220736F757263655265663D22757365725461736B4C6561646572417070726F766522207461726765745265663D22656E646576656E7431223E3C2F73657175656E6365466C6F773E0A20203C2F70726F636573733E0A20203C62706D6E64693A42504D4E4469616772616D2069643D2242504D4E4469616772616D5F4C656176654170706C7932223E0A202020203C62706D6E64693A42504D4E506C616E652062706D6E456C656D656E743D224C656176654170706C7932222069643D2242504D4E506C616E655F4C656176654170706C7932223E0A2020202020203C62706D6E64693A42504D4E53686170652062706D6E456C656D656E743D2273746172746572222069643D2242504D4E53686170655F73746172746572223E0A20202020202020203C6F6D6764633A426F756E6473206865696768743D2233352E30222077696474683D2233352E302220783D223130302E302220793D2239332E30223E3C2F6F6D6764633A426F756E64733E0A2020202020203C2F62706D6E64693A42504D4E53686170653E0A2020202020203C62706D6E64693A42504D4E53686170652062706D6E456C656D656E743D22757365725461736B53747564656E744C656176654170706C79222069643D2242504D4E53686170655F757365725461736B53747564656E744C656176654170706C79223E0A20202020202020203C6F6D6764633A426F756E6473206865696768743D2235352E30222077696474683D223130352E302220783D223138302E302220793D2238332E30223E3C2F6F6D6764633A426F756E64733E0A2020202020203C2F62706D6E64693A42504D4E53686170653E0A2020202020203C62706D6E64693A42504D4E53686170652062706D6E456C656D656E743D22757365725461736B54656163686572417070726F7665222069643D2242504D4E53686170655F757365725461736B54656163686572417070726F7665223E0A20202020202020203C6F6D6764633A426F756E6473206865696768743D2235352E30222077696474683D223130352E302220783D223333302E302220793D2238332E30223E3C2F6F6D6764633A426F756E64733E0A2020202020203C2F62706D6E64693A42504D4E53686170653E0A2020202020203C62706D6E64693A42504D4E53686170652062706D6E456C656D656E743D22757365725461736B4C6561646572417070726F7665222069643D2242504D4E53686170655F757365725461736B4C6561646572417070726F7665223E0A20202020202020203C6F6D6764633A426F756E6473206865696768743D2235352E30222077696474683D223130352E302220783D223438302E302220793D2238332E30223E3C2F6F6D6764633A426F756E64733E0A2020202020203C2F62706D6E64693A42504D4E53686170653E0A2020202020203C62706D6E64693A42504D4E53686170652062706D6E456C656D656E743D22656E646576656E7431222069643D2242504D4E53686170655F656E646576656E7431223E0A20202020202020203C6F6D6764633A426F756E6473206865696768743D2233352E30222077696474683D2233352E302220783D223633302E302220793D2239332E30223E3C2F6F6D6764633A426F756E64733E0A2020202020203C2F62706D6E64693A42504D4E53686170653E0A2020202020203C62706D6E64693A42504D4E456467652062706D6E456C656D656E743D22666C6F7731222069643D2242504D4E456467655F666C6F7731223E0A20202020202020203C6F6D6764693A776179706F696E7420783D223133352E302220793D223131302E30223E3C2F6F6D6764693A776179706F696E743E0A20202020202020203C6F6D6764693A776179706F696E7420783D223138302E302220793D223131302E30223E3C2F6F6D6764693A776179706F696E743E0A2020202020203C2F62706D6E64693A42504D4E456467653E0A2020202020203C62706D6E64693A42504D4E456467652062706D6E456C656D656E743D22666C6F7732222069643D2242504D4E456467655F666C6F7732223E0A20202020202020203C6F6D6764693A776179706F696E7420783D223238352E302220793D223131302E30223E3C2F6F6D6764693A776179706F696E743E0A20202020202020203C6F6D6764693A776179706F696E7420783D223333302E302220793D223131302E30223E3C2F6F6D6764693A776179706F696E743E0A2020202020203C2F62706D6E64693A42504D4E456467653E0A2020202020203C62706D6E64693A42504D4E456467652062706D6E456C656D656E743D22666C6F7733222069643D2242504D4E456467655F666C6F7733223E0A20202020202020203C6F6D6764693A776179706F696E7420783D223433352E302220793D223131302E30223E3C2F6F6D6764693A776179706F696E743E0A20202020202020203C6F6D6764693A776179706F696E7420783D223438302E302220793D223131302E30223E3C2F6F6D6764693A776179706F696E743E0A2020202020203C2F62706D6E64693A42504D4E456467653E0A2020202020203C62706D6E64693A42504D4E456467652062706D6E456C656D656E743D22666C6F7734222069643D2242504D4E456467655F666C6F7734223E0A20202020202020203C6F6D6764693A776179706F696E7420783D223538352E302220793D223131302E30223E3C2F6F6D6764693A776179706F696E743E0A20202020202020203C6F6D6764693A776179706F696E7420783D223633302E302220793D223131302E30223E3C2F6F6D6764693A776179706F696E743E0A2020202020203C2F62706D6E64693A42504D4E456467653E0A202020203C2F62706D6E64693A42504D4E506C616E653E0A20203C2F62706D6E64693A42504D4E4469616772616D3E0A3C2F646566696E6974696F6E733E, 0);

-- ----------------------------
-- Table structure for act_ge_property
-- ----------------------------
DROP TABLE IF EXISTS `act_ge_property`;
CREATE TABLE `act_ge_property`  (
  `NAME_` varchar(64) CHARACTER SET utf8 COLLATE utf8_bin NOT NULL,
  `VALUE_` varchar(300) CHARACTER SET utf8 COLLATE utf8_bin NULL DEFAULT NULL,
  `REV_` int(11) NULL DEFAULT NULL,
  PRIMARY KEY (`NAME_`) USING BTREE
) ENGINE = InnoDB CHARACTER SET = utf8 COLLATE = utf8_bin ROW_FORMAT = Dynamic;

-- ----------------------------
-- Records of act_ge_property
-- ----------------------------
INSERT INTO `act_ge_property` VALUES ('cfg.execution-related-entities-count', 'false', 1);
INSERT INTO `act_ge_property` VALUES ('next.dbid', '27501', 12);
INSERT INTO `act_ge_property` VALUES ('schema.history', 'create(7.0.0.0)', 1);
INSERT INTO `act_ge_property` VALUES ('schema.version', '7.0.0.0', 1);

-- ----------------------------
-- Table structure for act_hi_actinst
-- ----------------------------
DROP TABLE IF EXISTS `act_hi_actinst`;
CREATE TABLE `act_hi_actinst`  (
  `ID_` varchar(64) CHARACTER SET utf8 COLLATE utf8_bin NOT NULL,
  `PROC_DEF_ID_` varchar(64) CHARACTER SET utf8 COLLATE utf8_bin NOT NULL,
  `PROC_INST_ID_` varchar(64) CHARACTER SET utf8 COLLATE utf8_bin NOT NULL,
  `EXECUTION_ID_` varchar(64) CHARACTER SET utf8 COLLATE utf8_bin NOT NULL,
  `ACT_ID_` varchar(255) CHARACTER SET utf8 COLLATE utf8_bin NOT NULL,
  `TASK_ID_` varchar(64) CHARACTER SET utf8 COLLATE utf8_bin NULL DEFAULT NULL,
  `CALL_PROC_INST_ID_` varchar(64) CHARACTER SET utf8 COLLATE utf8_bin NULL DEFAULT NULL,
  `ACT_NAME_` varchar(255) CHARACTER SET utf8 COLLATE utf8_bin NULL DEFAULT NULL,
  `ACT_TYPE_` varchar(255) CHARACTER SET utf8 COLLATE utf8_bin NOT NULL,
  `ASSIGNEE_` varchar(255) CHARACTER SET utf8 COLLATE utf8_bin NULL DEFAULT NULL,
  `START_TIME_` datetime(3) NOT NULL,
  `END_TIME_` datetime(3) NULL DEFAULT NULL,
  `DURATION_` bigint(20) NULL DEFAULT NULL,
  `DELETE_REASON_` varchar(4000) CHARACTER SET utf8 COLLATE utf8_bin NULL DEFAULT NULL,
  `TENANT_ID_` varchar(255) CHARACTER SET utf8 COLLATE utf8_bin NULL DEFAULT '',
  PRIMARY KEY (`ID_`) USING BTREE,
  INDEX `ACT_IDX_HI_ACT_INST_START`(`START_TIME_`) USING BTREE,
  INDEX `ACT_IDX_HI_ACT_INST_END`(`END_TIME_`) USING BTREE,
  INDEX `ACT_IDX_HI_ACT_INST_PROCINST`(`PROC_INST_ID_`, `ACT_ID_`) USING BTREE,
  INDEX `ACT_IDX_HI_ACT_INST_EXEC`(`EXECUTION_ID_`, `ACT_ID_`) USING BTREE
) ENGINE = InnoDB CHARACTER SET = utf8 COLLATE = utf8_bin ROW_FORMAT = Dynamic;

-- ----------------------------
-- Records of act_hi_actinst
-- ----------------------------
INSERT INTO `act_hi_actinst` VALUES ('10003', 'LeaveApply:2:5004', '10001', '10002', 'starter', NULL, NULL, 'Start', 'startEvent', NULL, '2019-07-05 03:05:50.250', '2019-07-05 03:05:50.257', 7, NULL, '');
INSERT INTO `act_hi_actinst` VALUES ('10004', 'LeaveApply:2:5004', '10001', '10002', 'userTaskStudentLeaveApply', '10005', NULL, '', 'userTask', NULL, '2019-07-05 03:05:50.263', NULL, NULL, NULL, '');
INSERT INTO `act_hi_actinst` VALUES ('12503', 'LeaveApply:2:5004', '12501', '12502', 'starter', NULL, NULL, 'Start', 'startEvent', NULL, '2019-07-05 03:07:57.860', '2019-07-05 03:07:57.865', 5, NULL, '');
INSERT INTO `act_hi_actinst` VALUES ('12504', 'LeaveApply:2:5004', '12501', '12502', 'userTaskStudentLeaveApply', '12505', NULL, '', 'userTask', NULL, '2019-07-05 03:07:57.870', NULL, NULL, NULL, '');
INSERT INTO `act_hi_actinst` VALUES ('12509', 'LeaveApply:2:5004', '12507', '12508', 'starter', NULL, NULL, 'Start', 'startEvent', NULL, '2019-07-05 03:08:01.078', '2019-07-05 03:08:01.079', 1, NULL, '');
INSERT INTO `act_hi_actinst` VALUES ('12510', 'LeaveApply:2:5004', '12507', '12508', 'userTaskStudentLeaveApply', '12511', NULL, '', 'userTask', NULL, '2019-07-05 03:08:01.080', NULL, NULL, NULL, '');
INSERT INTO `act_hi_actinst` VALUES ('12515', 'LeaveApply:2:5004', '12513', '12514', 'starter', NULL, NULL, 'Start', 'startEvent', NULL, '2019-07-05 03:08:10.752', '2019-07-05 03:08:10.753', 1, NULL, '');
INSERT INTO `act_hi_actinst` VALUES ('12516', 'LeaveApply:2:5004', '12513', '12514', 'userTaskStudentLeaveApply', '12517', NULL, '', 'userTask', NULL, '2019-07-05 03:08:10.754', NULL, NULL, NULL, '');
INSERT INTO `act_hi_actinst` VALUES ('12521', 'LeaveApply:2:5004', '12519', '12520', 'starter', NULL, NULL, 'Start', 'startEvent', NULL, '2019-07-05 03:08:13.820', '2019-07-05 03:08:13.821', 1, NULL, '');
INSERT INTO `act_hi_actinst` VALUES ('12522', 'LeaveApply:2:5004', '12519', '12520', 'userTaskStudentLeaveApply', '12523', NULL, '', 'userTask', NULL, '2019-07-05 03:08:13.823', NULL, NULL, NULL, '');
INSERT INTO `act_hi_actinst` VALUES ('12527', 'LeaveApply:2:5004', '12525', '12526', 'starter', NULL, NULL, 'Start', 'startEvent', NULL, '2019-07-05 03:08:15.051', '2019-07-05 03:08:15.054', 3, NULL, '');
INSERT INTO `act_hi_actinst` VALUES ('12528', 'LeaveApply:2:5004', '12525', '12526', 'userTaskStudentLeaveApply', '12529', NULL, '', 'userTask', NULL, '2019-07-05 03:08:15.060', NULL, NULL, NULL, '');
INSERT INTO `act_hi_actinst` VALUES ('12533', 'LeaveApply:2:5004', '12531', '12532', 'starter', NULL, NULL, 'Start', 'startEvent', NULL, '2019-07-05 03:08:15.393', '2019-07-05 03:08:15.394', 1, NULL, '');
INSERT INTO `act_hi_actinst` VALUES ('12534', 'LeaveApply:2:5004', '12531', '12532', 'userTaskStudentLeaveApply', '12535', NULL, '', 'userTask', NULL, '2019-07-05 03:08:15.395', NULL, NULL, NULL, '');
INSERT INTO `act_hi_actinst` VALUES ('12539', 'LeaveApply:2:5004', '12537', '12538', 'starter', NULL, NULL, 'Start', 'startEvent', NULL, '2019-07-05 03:08:41.342', '2019-07-05 03:08:41.343', 1, NULL, '');
INSERT INTO `act_hi_actinst` VALUES ('12540', 'LeaveApply:2:5004', '12537', '12538', 'userTaskStudentLeaveApply', '12541', NULL, '', 'userTask', NULL, '2019-07-05 03:08:41.344', NULL, NULL, NULL, '');
INSERT INTO `act_hi_actinst` VALUES ('15003', 'LeaveApply:2:5004', '15001', '15002', 'starter', NULL, NULL, 'Start', 'startEvent', NULL, '2019-07-05 03:09:35.929', '2019-07-05 03:09:35.934', 5, NULL, '');
INSERT INTO `act_hi_actinst` VALUES ('15004', 'LeaveApply:2:5004', '15001', '15002', 'userTaskStudentLeaveApply', '15005', NULL, '', 'userTask', NULL, '2019-07-05 03:09:35.940', NULL, NULL, NULL, '');
INSERT INTO `act_hi_actinst` VALUES ('15009', 'LeaveApply:2:5004', '15007', '15008', 'starter', NULL, NULL, 'Start', 'startEvent', NULL, '2019-07-05 03:12:52.488', '2019-07-05 03:12:52.490', 2, NULL, '');
INSERT INTO `act_hi_actinst` VALUES ('15010', 'LeaveApply:2:5004', '15007', '15008', 'userTaskStudentLeaveApply', '15011', NULL, '', 'userTask', NULL, '2019-07-05 03:12:52.493', NULL, NULL, NULL, '');
INSERT INTO `act_hi_actinst` VALUES ('15015', 'LeaveApply:2:5004', '15013', '15014', 'starter', NULL, NULL, 'Start', 'startEvent', NULL, '2019-07-05 03:12:54.540', '2019-07-05 03:12:54.540', 0, NULL, '');
INSERT INTO `act_hi_actinst` VALUES ('15016', 'LeaveApply:2:5004', '15013', '15014', 'userTaskStudentLeaveApply', '15017', NULL, '', 'userTask', NULL, '2019-07-05 03:12:54.541', NULL, NULL, NULL, '');
INSERT INTO `act_hi_actinst` VALUES ('17503', 'LeaveApply:2:5004', '17501', '17502', 'starter', NULL, NULL, 'Start', 'startEvent', NULL, '2019-07-05 03:13:46.219', '2019-07-05 03:13:46.226', 7, NULL, '');
INSERT INTO `act_hi_actinst` VALUES ('17504', 'LeaveApply:2:5004', '17501', '17502', 'userTaskStudentLeaveApply', '17505', NULL, '', 'userTask', NULL, '2019-07-05 03:13:46.232', NULL, NULL, NULL, '');
INSERT INTO `act_hi_actinst` VALUES ('17509', 'LeaveApply:2:5004', '17507', '17508', 'starter', NULL, NULL, 'Start', 'startEvent', NULL, '2019-07-05 03:16:17.169', '2019-07-05 03:16:17.170', 1, NULL, '');
INSERT INTO `act_hi_actinst` VALUES ('17510', 'LeaveApply:2:5004', '17507', '17508', 'userTaskStudentLeaveApply', '17511', NULL, '', 'userTask', NULL, '2019-07-05 03:16:17.171', NULL, NULL, NULL, '');
INSERT INTO `act_hi_actinst` VALUES ('17515', 'LeaveApply:2:5004', '17513', '17514', 'starter', NULL, NULL, 'Start', 'startEvent', NULL, '2019-07-05 03:18:18.109', '2019-07-05 03:18:18.110', 1, NULL, '');
INSERT INTO `act_hi_actinst` VALUES ('17516', 'LeaveApply:2:5004', '17513', '17514', 'userTaskStudentLeaveApply', '17517', NULL, '', 'userTask', NULL, '2019-07-05 03:18:18.111', NULL, NULL, NULL, '');
INSERT INTO `act_hi_actinst` VALUES ('17521', 'LeaveApply:2:5004', '17519', '17520', 'starter', NULL, NULL, 'Start', 'startEvent', NULL, '2019-07-05 03:18:18.830', '2019-07-05 03:18:18.830', 0, NULL, '');
INSERT INTO `act_hi_actinst` VALUES ('17522', 'LeaveApply:2:5004', '17519', '17520', 'userTaskStudentLeaveApply', '17523', NULL, '', 'userTask', NULL, '2019-07-05 03:18:18.832', NULL, NULL, NULL, '');
INSERT INTO `act_hi_actinst` VALUES ('17527', 'LeaveApply:2:5004', '17525', '17526', 'starter', NULL, NULL, 'Start', 'startEvent', NULL, '2019-07-05 03:18:19.277', '2019-07-05 03:18:19.278', 1, NULL, '');
INSERT INTO `act_hi_actinst` VALUES ('17528', 'LeaveApply:2:5004', '17525', '17526', 'userTaskStudentLeaveApply', '17529', NULL, '', 'userTask', NULL, '2019-07-05 03:18:19.279', NULL, NULL, NULL, '');
INSERT INTO `act_hi_actinst` VALUES ('17533', 'LeaveApply:2:5004', '17531', '17532', 'starter', NULL, NULL, 'Start', 'startEvent', NULL, '2019-07-05 03:18:19.480', '2019-07-05 03:18:19.481', 1, NULL, '');
INSERT INTO `act_hi_actinst` VALUES ('17534', 'LeaveApply:2:5004', '17531', '17532', 'userTaskStudentLeaveApply', '17535', NULL, '', 'userTask', NULL, '2019-07-05 03:18:19.482', NULL, NULL, NULL, '');
INSERT INTO `act_hi_actinst` VALUES ('17539', 'LeaveApply:2:5004', '17537', '17538', 'starter', NULL, NULL, 'Start', 'startEvent', NULL, '2019-07-05 03:18:19.649', '2019-07-05 03:18:19.650', 1, NULL, '');
INSERT INTO `act_hi_actinst` VALUES ('17540', 'LeaveApply:2:5004', '17537', '17538', 'userTaskStudentLeaveApply', '17541', NULL, '', 'userTask', NULL, '2019-07-05 03:18:19.651', NULL, NULL, NULL, '');
INSERT INTO `act_hi_actinst` VALUES ('17545', 'LeaveApply:2:5004', '17543', '17544', 'starter', NULL, NULL, 'Start', 'startEvent', NULL, '2019-07-05 03:18:19.831', '2019-07-05 03:18:19.832', 1, NULL, '');
INSERT INTO `act_hi_actinst` VALUES ('17546', 'LeaveApply:2:5004', '17543', '17544', 'userTaskStudentLeaveApply', '17547', NULL, '', 'userTask', NULL, '2019-07-05 03:18:19.833', NULL, NULL, NULL, '');
INSERT INTO `act_hi_actinst` VALUES ('17551', 'LeaveApply:2:5004', '17549', '17550', 'starter', NULL, NULL, 'Start', 'startEvent', NULL, '2019-07-05 03:18:20.027', '2019-07-05 03:18:20.028', 1, NULL, '');
INSERT INTO `act_hi_actinst` VALUES ('17552', 'LeaveApply:2:5004', '17549', '17550', 'userTaskStudentLeaveApply', '17553', NULL, '', 'userTask', NULL, '2019-07-05 03:18:20.029', NULL, NULL, NULL, '');
INSERT INTO `act_hi_actinst` VALUES ('17557', 'LeaveApply:2:5004', '17555', '17556', 'starter', NULL, NULL, 'Start', 'startEvent', NULL, '2019-07-05 03:18:20.211', '2019-07-05 03:18:20.211', 0, NULL, '');
INSERT INTO `act_hi_actinst` VALUES ('17558', 'LeaveApply:2:5004', '17555', '17556', 'userTaskStudentLeaveApply', '17559', NULL, '', 'userTask', NULL, '2019-07-05 03:18:20.212', NULL, NULL, NULL, '');
INSERT INTO `act_hi_actinst` VALUES ('17563', 'LeaveApply:2:5004', '17561', '17562', 'starter', NULL, NULL, 'Start', 'startEvent', NULL, '2019-07-05 03:18:20.390', '2019-07-05 03:18:20.390', 0, NULL, '');
INSERT INTO `act_hi_actinst` VALUES ('17564', 'LeaveApply:2:5004', '17561', '17562', 'userTaskStudentLeaveApply', '17565', NULL, '', 'userTask', NULL, '2019-07-05 03:18:20.391', NULL, NULL, NULL, '');
INSERT INTO `act_hi_actinst` VALUES ('17569', 'LeaveApply:2:5004', '17567', '17568', 'starter', NULL, NULL, 'Start', 'startEvent', NULL, '2019-07-05 03:18:20.584', '2019-07-05 03:18:20.585', 1, NULL, '');
INSERT INTO `act_hi_actinst` VALUES ('17570', 'LeaveApply:2:5004', '17567', '17568', 'userTaskStudentLeaveApply', '17571', NULL, '', 'userTask', NULL, '2019-07-05 03:18:20.587', NULL, NULL, NULL, '');
INSERT INTO `act_hi_actinst` VALUES ('17575', 'LeaveApply:2:5004', '17573', '17574', 'starter', NULL, NULL, 'Start', 'startEvent', NULL, '2019-07-05 03:18:20.756', '2019-07-05 03:18:20.757', 1, NULL, '');
INSERT INTO `act_hi_actinst` VALUES ('17576', 'LeaveApply:2:5004', '17573', '17574', 'userTaskStudentLeaveApply', '17577', NULL, '', 'userTask', NULL, '2019-07-05 03:18:20.758', NULL, NULL, NULL, '');
INSERT INTO `act_hi_actinst` VALUES ('17581', 'LeaveApply:2:5004', '17579', '17580', 'starter', NULL, NULL, 'Start', 'startEvent', NULL, '2019-07-05 03:18:20.930', '2019-07-05 03:18:20.931', 1, NULL, '');
INSERT INTO `act_hi_actinst` VALUES ('17582', 'LeaveApply:2:5004', '17579', '17580', 'userTaskStudentLeaveApply', '17583', NULL, '', 'userTask', NULL, '2019-07-05 03:18:20.932', NULL, NULL, NULL, '');
INSERT INTO `act_hi_actinst` VALUES ('17587', 'LeaveApply:2:5004', '17585', '17586', 'starter', NULL, NULL, 'Start', 'startEvent', NULL, '2019-07-05 03:18:21.119', '2019-07-05 03:18:21.120', 1, NULL, '');
INSERT INTO `act_hi_actinst` VALUES ('17588', 'LeaveApply:2:5004', '17585', '17586', 'userTaskStudentLeaveApply', '17589', NULL, '', 'userTask', NULL, '2019-07-05 03:18:21.121', NULL, NULL, NULL, '');
INSERT INTO `act_hi_actinst` VALUES ('17593', 'LeaveApply:2:5004', '17591', '17592', 'starter', NULL, NULL, 'Start', 'startEvent', NULL, '2019-07-05 03:18:21.317', '2019-07-05 03:18:21.318', 1, NULL, '');
INSERT INTO `act_hi_actinst` VALUES ('17594', 'LeaveApply:2:5004', '17591', '17592', 'userTaskStudentLeaveApply', '17595', NULL, '', 'userTask', NULL, '2019-07-05 03:18:21.319', NULL, NULL, NULL, '');
INSERT INTO `act_hi_actinst` VALUES ('17599', 'LeaveApply:2:5004', '17597', '17598', 'starter', NULL, NULL, 'Start', 'startEvent', NULL, '2019-07-05 03:18:21.515', '2019-07-05 03:18:21.516', 1, NULL, '');
INSERT INTO `act_hi_actinst` VALUES ('17600', 'LeaveApply:2:5004', '17597', '17598', 'userTaskStudentLeaveApply', '17601', NULL, '', 'userTask', NULL, '2019-07-05 03:18:21.517', NULL, NULL, NULL, '');
INSERT INTO `act_hi_actinst` VALUES ('17605', 'LeaveApply:2:5004', '17603', '17604', 'starter', NULL, NULL, 'Start', 'startEvent', NULL, '2019-07-05 03:18:21.680', '2019-07-05 03:18:21.681', 1, NULL, '');
INSERT INTO `act_hi_actinst` VALUES ('17606', 'LeaveApply:2:5004', '17603', '17604', 'userTaskStudentLeaveApply', '17607', NULL, '', 'userTask', NULL, '2019-07-05 03:18:21.682', NULL, NULL, NULL, '');
INSERT INTO `act_hi_actinst` VALUES ('17611', 'LeaveApply:2:5004', '17609', '17610', 'starter', NULL, NULL, 'Start', 'startEvent', NULL, '2019-07-05 03:22:02.205', '2019-07-05 03:22:02.206', 1, NULL, '');
INSERT INTO `act_hi_actinst` VALUES ('17612', 'LeaveApply:2:5004', '17609', '17610', 'userTaskStudentLeaveApply', '17613', NULL, '', 'userTask', NULL, '2019-07-05 03:22:02.207', NULL, NULL, NULL, '');
INSERT INTO `act_hi_actinst` VALUES ('17617', 'LeaveApply:2:5004', '17615', '17616', 'starter', NULL, NULL, 'Start', 'startEvent', NULL, '2019-07-05 03:22:26.456', '2019-07-05 03:22:26.457', 1, NULL, '');
INSERT INTO `act_hi_actinst` VALUES ('17618', 'LeaveApply:2:5004', '17615', '17616', 'userTaskStudentLeaveApply', '17619', NULL, '', 'userTask', NULL, '2019-07-05 03:22:26.458', NULL, NULL, NULL, '');
INSERT INTO `act_hi_actinst` VALUES ('5008', 'LeaveApply2:2:5005', '5006', '5007', 'starter', NULL, NULL, 'Start', 'startEvent', NULL, '2019-07-05 02:51:00.178', '2019-07-05 02:51:00.205', 27, NULL, '');
INSERT INTO `act_hi_actinst` VALUES ('5009', 'LeaveApply2:2:5005', '5006', '5007', 'userTaskStudentLeaveApply', '5010', NULL, '', 'userTask', NULL, '2019-07-05 02:51:00.237', NULL, NULL, NULL, '');
INSERT INTO `act_hi_actinst` VALUES ('5014', 'LeaveApply:2:5004', '5012', '5013', 'starter', NULL, NULL, 'Start', 'startEvent', NULL, '2019-07-05 02:51:48.173', '2019-07-05 02:51:48.174', 1, NULL, '');
INSERT INTO `act_hi_actinst` VALUES ('5015', 'LeaveApply:2:5004', '5012', '5013', 'userTaskStudentLeaveApply', '5016', NULL, '', 'userTask', NULL, '2019-07-05 02:51:48.176', NULL, NULL, NULL, '');
INSERT INTO `act_hi_actinst` VALUES ('5020', 'LeaveApply:2:5004', '5018', '5019', 'starter', NULL, NULL, 'Start', 'startEvent', NULL, '2019-07-05 02:52:42.483', '2019-07-05 02:52:42.483', 0, NULL, '');
INSERT INTO `act_hi_actinst` VALUES ('5021', 'LeaveApply:2:5004', '5018', '5019', 'userTaskStudentLeaveApply', '5022', NULL, '', 'userTask', NULL, '2019-07-05 02:52:42.485', NULL, NULL, NULL, '');
INSERT INTO `act_hi_actinst` VALUES ('5026', 'LeaveApply:2:5004', '5024', '5025', 'starter', NULL, NULL, 'Start', 'startEvent', NULL, '2019-07-05 02:52:45.911', '2019-07-05 02:52:45.913', 2, NULL, '');
INSERT INTO `act_hi_actinst` VALUES ('5027', 'LeaveApply:2:5004', '5024', '5025', 'userTaskStudentLeaveApply', '5028', NULL, '', 'userTask', NULL, '2019-07-05 02:52:45.915', NULL, NULL, NULL, '');
INSERT INTO `act_hi_actinst` VALUES ('5032', 'LeaveApply:2:5004', '5030', '5031', 'starter', NULL, NULL, 'Start', 'startEvent', NULL, '2019-07-05 02:53:09.092', '2019-07-05 02:53:09.095', 3, NULL, '');
INSERT INTO `act_hi_actinst` VALUES ('5033', 'LeaveApply:2:5004', '5030', '5031', 'userTaskStudentLeaveApply', '5034', NULL, '', 'userTask', NULL, '2019-07-05 02:53:09.102', NULL, NULL, NULL, '');
INSERT INTO `act_hi_actinst` VALUES ('5038', 'LeaveApply:2:5004', '5036', '5037', 'starter', NULL, NULL, 'Start', 'startEvent', NULL, '2019-07-05 02:53:09.381', '2019-07-05 02:53:09.383', 2, NULL, '');
INSERT INTO `act_hi_actinst` VALUES ('5039', 'LeaveApply:2:5004', '5036', '5037', 'userTaskStudentLeaveApply', '5040', NULL, '', 'userTask', NULL, '2019-07-05 02:53:09.384', NULL, NULL, NULL, '');
INSERT INTO `act_hi_actinst` VALUES ('5044', 'LeaveApply:2:5004', '5042', '5043', 'starter', NULL, NULL, 'Start', 'startEvent', NULL, '2019-07-05 02:53:19.162', '2019-07-05 02:53:19.163', 1, NULL, '');
INSERT INTO `act_hi_actinst` VALUES ('5045', 'LeaveApply:2:5004', '5042', '5043', 'userTaskStudentLeaveApply', '5046', NULL, '', 'userTask', NULL, '2019-07-05 02:53:19.164', NULL, NULL, NULL, '');
INSERT INTO `act_hi_actinst` VALUES ('5050', 'LeaveApply:2:5004', '5048', '5049', 'starter', NULL, NULL, 'Start', 'startEvent', NULL, '2019-07-05 02:54:07.542', '2019-07-05 02:54:07.543', 1, NULL, '');
INSERT INTO `act_hi_actinst` VALUES ('5051', 'LeaveApply:2:5004', '5048', '5049', 'userTaskStudentLeaveApply', '5052', NULL, '', 'userTask', NULL, '2019-07-05 02:54:07.544', NULL, NULL, NULL, '');
INSERT INTO `act_hi_actinst` VALUES ('5056', 'LeaveApply:2:5004', '5054', '5055', 'starter', NULL, NULL, 'Start', 'startEvent', NULL, '2019-07-05 02:54:12.297', '2019-07-05 02:54:12.298', 1, NULL, '');
INSERT INTO `act_hi_actinst` VALUES ('5057', 'LeaveApply:2:5004', '5054', '5055', 'userTaskStudentLeaveApply', '5058', NULL, '', 'userTask', NULL, '2019-07-05 02:54:12.299', NULL, NULL, NULL, '');
INSERT INTO `act_hi_actinst` VALUES ('7503', 'LeaveApply:2:5004', '7501', '7502', 'starter', NULL, NULL, 'Start', 'startEvent', NULL, '2019-07-05 02:59:30.558', '2019-07-05 02:59:30.562', 4, NULL, '');
INSERT INTO `act_hi_actinst` VALUES ('7504', 'LeaveApply:2:5004', '7501', '7502', 'userTaskStudentLeaveApply', '7505', NULL, '', 'userTask', NULL, '2019-07-05 02:59:30.567', NULL, NULL, NULL, '');
INSERT INTO `act_hi_actinst` VALUES ('7509', 'LeaveApply:2:5004', '7507', '7508', 'starter', NULL, NULL, 'Start', 'startEvent', NULL, '2019-07-05 02:59:33.858', '2019-07-05 02:59:33.858', 0, NULL, '');
INSERT INTO `act_hi_actinst` VALUES ('7510', 'LeaveApply:2:5004', '7507', '7508', 'userTaskStudentLeaveApply', '7511', NULL, '', 'userTask', NULL, '2019-07-05 02:59:33.859', NULL, NULL, NULL, '');
INSERT INTO `act_hi_actinst` VALUES ('7515', 'LeaveApply:2:5004', '7513', '7514', 'starter', NULL, NULL, 'Start', 'startEvent', NULL, '2019-07-05 02:59:34.646', '2019-07-05 02:59:34.649', 3, NULL, '');
INSERT INTO `act_hi_actinst` VALUES ('7516', 'LeaveApply:2:5004', '7513', '7514', 'userTaskStudentLeaveApply', '7517', NULL, '', 'userTask', NULL, '2019-07-05 02:59:34.653', NULL, NULL, NULL, '');
INSERT INTO `act_hi_actinst` VALUES ('7521', 'LeaveApply:2:5004', '7519', '7520', 'starter', NULL, NULL, 'Start', 'startEvent', NULL, '2019-07-05 02:59:34.943', '2019-07-05 02:59:34.943', 0, NULL, '');
INSERT INTO `act_hi_actinst` VALUES ('7522', 'LeaveApply:2:5004', '7519', '7520', 'userTaskStudentLeaveApply', '7523', NULL, '', 'userTask', NULL, '2019-07-05 02:59:34.945', NULL, NULL, NULL, '');
INSERT INTO `act_hi_actinst` VALUES ('7527', 'LeaveApply:2:5004', '7525', '7526', 'starter', NULL, NULL, 'Start', 'startEvent', NULL, '2019-07-05 03:00:27.350', '2019-07-05 03:00:27.351', 1, NULL, '');
INSERT INTO `act_hi_actinst` VALUES ('7528', 'LeaveApply:2:5004', '7525', '7526', 'userTaskStudentLeaveApply', '7529', NULL, '', 'userTask', NULL, '2019-07-05 03:00:27.353', NULL, NULL, NULL, '');
INSERT INTO `act_hi_actinst` VALUES ('7533', 'LeaveApply:2:5004', '7531', '7532', 'starter', NULL, NULL, 'Start', 'startEvent', NULL, '2019-07-05 03:01:08.537', '2019-07-05 03:01:08.538', 1, NULL, '');
INSERT INTO `act_hi_actinst` VALUES ('7534', 'LeaveApply:2:5004', '7531', '7532', 'userTaskStudentLeaveApply', '7535', NULL, '', 'userTask', NULL, '2019-07-05 03:01:08.539', NULL, NULL, NULL, '');
INSERT INTO `act_hi_actinst` VALUES ('7539', 'LeaveApply:2:5004', '7537', '7538', 'starter', NULL, NULL, 'Start', 'startEvent', NULL, '2019-07-05 03:02:31.132', '2019-07-05 03:02:31.133', 1, NULL, '');
INSERT INTO `act_hi_actinst` VALUES ('7540', 'LeaveApply:2:5004', '7537', '7538', 'userTaskStudentLeaveApply', '7541', NULL, '', 'userTask', NULL, '2019-07-05 03:02:31.134', NULL, NULL, NULL, '');

-- ----------------------------
-- Table structure for act_hi_attachment
-- ----------------------------
DROP TABLE IF EXISTS `act_hi_attachment`;
CREATE TABLE `act_hi_attachment`  (
  `ID_` varchar(64) CHARACTER SET utf8 COLLATE utf8_bin NOT NULL,
  `REV_` int(11) NULL DEFAULT NULL,
  `USER_ID_` varchar(255) CHARACTER SET utf8 COLLATE utf8_bin NULL DEFAULT NULL,
  `NAME_` varchar(255) CHARACTER SET utf8 COLLATE utf8_bin NULL DEFAULT NULL,
  `DESCRIPTION_` varchar(4000) CHARACTER SET utf8 COLLATE utf8_bin NULL DEFAULT NULL,
  `TYPE_` varchar(255) CHARACTER SET utf8 COLLATE utf8_bin NULL DEFAULT NULL,
  `TASK_ID_` varchar(64) CHARACTER SET utf8 COLLATE utf8_bin NULL DEFAULT NULL,
  `PROC_INST_ID_` varchar(64) CHARACTER SET utf8 COLLATE utf8_bin NULL DEFAULT NULL,
  `URL_` varchar(4000) CHARACTER SET utf8 COLLATE utf8_bin NULL DEFAULT NULL,
  `CONTENT_ID_` varchar(64) CHARACTER SET utf8 COLLATE utf8_bin NULL DEFAULT NULL,
  `TIME_` datetime(3) NULL DEFAULT NULL,
  PRIMARY KEY (`ID_`) USING BTREE
) ENGINE = InnoDB CHARACTER SET = utf8 COLLATE = utf8_bin ROW_FORMAT = Dynamic;

-- ----------------------------
-- Table structure for act_hi_comment
-- ----------------------------
DROP TABLE IF EXISTS `act_hi_comment`;
CREATE TABLE `act_hi_comment`  (
  `ID_` varchar(64) CHARACTER SET utf8 COLLATE utf8_bin NOT NULL,
  `TYPE_` varchar(255) CHARACTER SET utf8 COLLATE utf8_bin NULL DEFAULT NULL,
  `TIME_` datetime(3) NOT NULL,
  `USER_ID_` varchar(255) CHARACTER SET utf8 COLLATE utf8_bin NULL DEFAULT NULL,
  `TASK_ID_` varchar(64) CHARACTER SET utf8 COLLATE utf8_bin NULL DEFAULT NULL,
  `PROC_INST_ID_` varchar(64) CHARACTER SET utf8 COLLATE utf8_bin NULL DEFAULT NULL,
  `ACTION_` varchar(255) CHARACTER SET utf8 COLLATE utf8_bin NULL DEFAULT NULL,
  `MESSAGE_` varchar(4000) CHARACTER SET utf8 COLLATE utf8_bin NULL DEFAULT NULL,
  `FULL_MSG_` longblob NULL,
  PRIMARY KEY (`ID_`) USING BTREE
) ENGINE = InnoDB CHARACTER SET = utf8 COLLATE = utf8_bin ROW_FORMAT = Dynamic;

-- ----------------------------
-- Table structure for act_hi_detail
-- ----------------------------
DROP TABLE IF EXISTS `act_hi_detail`;
CREATE TABLE `act_hi_detail`  (
  `ID_` varchar(64) CHARACTER SET utf8 COLLATE utf8_bin NOT NULL,
  `TYPE_` varchar(255) CHARACTER SET utf8 COLLATE utf8_bin NOT NULL,
  `PROC_INST_ID_` varchar(64) CHARACTER SET utf8 COLLATE utf8_bin NULL DEFAULT NULL,
  `EXECUTION_ID_` varchar(64) CHARACTER SET utf8 COLLATE utf8_bin NULL DEFAULT NULL,
  `TASK_ID_` varchar(64) CHARACTER SET utf8 COLLATE utf8_bin NULL DEFAULT NULL,
  `ACT_INST_ID_` varchar(64) CHARACTER SET utf8 COLLATE utf8_bin NULL DEFAULT NULL,
  `NAME_` varchar(255) CHARACTER SET utf8 COLLATE utf8_bin NOT NULL,
  `VAR_TYPE_` varchar(255) CHARACTER SET utf8 COLLATE utf8_bin NULL DEFAULT NULL,
  `REV_` int(11) NULL DEFAULT NULL,
  `TIME_` datetime(3) NOT NULL,
  `BYTEARRAY_ID_` varchar(64) CHARACTER SET utf8 COLLATE utf8_bin NULL DEFAULT NULL,
  `DOUBLE_` double NULL DEFAULT NULL,
  `LONG_` bigint(20) NULL DEFAULT NULL,
  `TEXT_` varchar(4000) CHARACTER SET utf8 COLLATE utf8_bin NULL DEFAULT NULL,
  `TEXT2_` varchar(4000) CHARACTER SET utf8 COLLATE utf8_bin NULL DEFAULT NULL,
  PRIMARY KEY (`ID_`) USING BTREE,
  INDEX `ACT_IDX_HI_DETAIL_PROC_INST`(`PROC_INST_ID_`) USING BTREE,
  INDEX `ACT_IDX_HI_DETAIL_ACT_INST`(`ACT_INST_ID_`) USING BTREE,
  INDEX `ACT_IDX_HI_DETAIL_TIME`(`TIME_`) USING BTREE,
  INDEX `ACT_IDX_HI_DETAIL_NAME`(`NAME_`) USING BTREE,
  INDEX `ACT_IDX_HI_DETAIL_TASK_ID`(`TASK_ID_`) USING BTREE
) ENGINE = InnoDB CHARACTER SET = utf8 COLLATE = utf8_bin ROW_FORMAT = Dynamic;

-- ----------------------------
-- Table structure for act_hi_identitylink
-- ----------------------------
DROP TABLE IF EXISTS `act_hi_identitylink`;
CREATE TABLE `act_hi_identitylink`  (
  `ID_` varchar(64) CHARACTER SET utf8 COLLATE utf8_bin NOT NULL,
  `GROUP_ID_` varchar(255) CHARACTER SET utf8 COLLATE utf8_bin NULL DEFAULT NULL,
  `TYPE_` varchar(255) CHARACTER SET utf8 COLLATE utf8_bin NULL DEFAULT NULL,
  `USER_ID_` varchar(255) CHARACTER SET utf8 COLLATE utf8_bin NULL DEFAULT NULL,
  `TASK_ID_` varchar(64) CHARACTER SET utf8 COLLATE utf8_bin NULL DEFAULT NULL,
  `PROC_INST_ID_` varchar(64) CHARACTER SET utf8 COLLATE utf8_bin NULL DEFAULT NULL,
  PRIMARY KEY (`ID_`) USING BTREE,
  INDEX `ACT_IDX_HI_IDENT_LNK_USER`(`USER_ID_`) USING BTREE,
  INDEX `ACT_IDX_HI_IDENT_LNK_TASK`(`TASK_ID_`) USING BTREE,
  INDEX `ACT_IDX_HI_IDENT_LNK_PROCINST`(`PROC_INST_ID_`) USING BTREE
) ENGINE = InnoDB CHARACTER SET = utf8 COLLATE = utf8_bin ROW_FORMAT = Dynamic;

-- ----------------------------
-- Records of act_hi_identitylink
-- ----------------------------
INSERT INTO `act_hi_identitylink` VALUES ('10006', 'student', 'candidate', NULL, '10005', NULL);
INSERT INTO `act_hi_identitylink` VALUES ('12506', 'student', 'candidate', NULL, '12505', NULL);
INSERT INTO `act_hi_identitylink` VALUES ('12512', 'student', 'candidate', NULL, '12511', NULL);
INSERT INTO `act_hi_identitylink` VALUES ('12518', 'student', 'candidate', NULL, '12517', NULL);
INSERT INTO `act_hi_identitylink` VALUES ('12524', 'student', 'candidate', NULL, '12523', NULL);
INSERT INTO `act_hi_identitylink` VALUES ('12530', 'student', 'candidate', NULL, '12529', NULL);
INSERT INTO `act_hi_identitylink` VALUES ('12536', 'student', 'candidate', NULL, '12535', NULL);
INSERT INTO `act_hi_identitylink` VALUES ('12542', 'student', 'candidate', NULL, '12541', NULL);
INSERT INTO `act_hi_identitylink` VALUES ('15006', 'student', 'candidate', NULL, '15005', NULL);
INSERT INTO `act_hi_identitylink` VALUES ('15012', 'student', 'candidate', NULL, '15011', NULL);
INSERT INTO `act_hi_identitylink` VALUES ('15018', 'student', 'candidate', NULL, '15017', NULL);
INSERT INTO `act_hi_identitylink` VALUES ('17506', 'student', 'candidate', NULL, '17505', NULL);
INSERT INTO `act_hi_identitylink` VALUES ('17512', 'student', 'candidate', NULL, '17511', NULL);
INSERT INTO `act_hi_identitylink` VALUES ('17518', 'student', 'candidate', NULL, '17517', NULL);
INSERT INTO `act_hi_identitylink` VALUES ('17524', 'student', 'candidate', NULL, '17523', NULL);
INSERT INTO `act_hi_identitylink` VALUES ('17530', 'student', 'candidate', NULL, '17529', NULL);
INSERT INTO `act_hi_identitylink` VALUES ('17536', 'student', 'candidate', NULL, '17535', NULL);
INSERT INTO `act_hi_identitylink` VALUES ('17542', 'student', 'candidate', NULL, '17541', NULL);
INSERT INTO `act_hi_identitylink` VALUES ('17548', 'student', 'candidate', NULL, '17547', NULL);
INSERT INTO `act_hi_identitylink` VALUES ('17554', 'student', 'candidate', NULL, '17553', NULL);
INSERT INTO `act_hi_identitylink` VALUES ('17560', 'student', 'candidate', NULL, '17559', NULL);
INSERT INTO `act_hi_identitylink` VALUES ('17566', 'student', 'candidate', NULL, '17565', NULL);
INSERT INTO `act_hi_identitylink` VALUES ('17572', 'student', 'candidate', NULL, '17571', NULL);
INSERT INTO `act_hi_identitylink` VALUES ('17578', 'student', 'candidate', NULL, '17577', NULL);
INSERT INTO `act_hi_identitylink` VALUES ('17584', 'student', 'candidate', NULL, '17583', NULL);
INSERT INTO `act_hi_identitylink` VALUES ('17590', 'student', 'candidate', NULL, '17589', NULL);
INSERT INTO `act_hi_identitylink` VALUES ('17596', 'student', 'candidate', NULL, '17595', NULL);
INSERT INTO `act_hi_identitylink` VALUES ('17602', 'student', 'candidate', NULL, '17601', NULL);
INSERT INTO `act_hi_identitylink` VALUES ('17608', 'student', 'candidate', NULL, '17607', NULL);
INSERT INTO `act_hi_identitylink` VALUES ('17614', 'student', 'candidate', NULL, '17613', NULL);
INSERT INTO `act_hi_identitylink` VALUES ('17620', 'student', 'candidate', NULL, '17619', NULL);
INSERT INTO `act_hi_identitylink` VALUES ('5011', 'student', 'candidate', NULL, '5010', NULL);
INSERT INTO `act_hi_identitylink` VALUES ('5017', 'student', 'candidate', NULL, '5016', NULL);
INSERT INTO `act_hi_identitylink` VALUES ('5023', 'student', 'candidate', NULL, '5022', NULL);
INSERT INTO `act_hi_identitylink` VALUES ('5029', 'student', 'candidate', NULL, '5028', NULL);
INSERT INTO `act_hi_identitylink` VALUES ('5035', 'student', 'candidate', NULL, '5034', NULL);
INSERT INTO `act_hi_identitylink` VALUES ('5041', 'student', 'candidate', NULL, '5040', NULL);
INSERT INTO `act_hi_identitylink` VALUES ('5047', 'student', 'candidate', NULL, '5046', NULL);
INSERT INTO `act_hi_identitylink` VALUES ('5053', 'student', 'candidate', NULL, '5052', NULL);
INSERT INTO `act_hi_identitylink` VALUES ('5059', 'student', 'candidate', NULL, '5058', NULL);
INSERT INTO `act_hi_identitylink` VALUES ('7506', 'student', 'candidate', NULL, '7505', NULL);
INSERT INTO `act_hi_identitylink` VALUES ('7512', 'student', 'candidate', NULL, '7511', NULL);
INSERT INTO `act_hi_identitylink` VALUES ('7518', 'student', 'candidate', NULL, '7517', NULL);
INSERT INTO `act_hi_identitylink` VALUES ('7524', 'student', 'candidate', NULL, '7523', NULL);
INSERT INTO `act_hi_identitylink` VALUES ('7530', 'student', 'candidate', NULL, '7529', NULL);
INSERT INTO `act_hi_identitylink` VALUES ('7536', 'student', 'candidate', NULL, '7535', NULL);
INSERT INTO `act_hi_identitylink` VALUES ('7542', 'student', 'candidate', NULL, '7541', NULL);

-- ----------------------------
-- Table structure for act_hi_procinst
-- ----------------------------
DROP TABLE IF EXISTS `act_hi_procinst`;
CREATE TABLE `act_hi_procinst`  (
  `ID_` varchar(64) CHARACTER SET utf8 COLLATE utf8_bin NOT NULL,
  `PROC_INST_ID_` varchar(64) CHARACTER SET utf8 COLLATE utf8_bin NOT NULL,
  `BUSINESS_KEY_` varchar(255) CHARACTER SET utf8 COLLATE utf8_bin NULL DEFAULT NULL,
  `PROC_DEF_ID_` varchar(64) CHARACTER SET utf8 COLLATE utf8_bin NOT NULL,
  `START_TIME_` datetime(3) NOT NULL,
  `END_TIME_` datetime(3) NULL DEFAULT NULL,
  `DURATION_` bigint(20) NULL DEFAULT NULL,
  `START_USER_ID_` varchar(255) CHARACTER SET utf8 COLLATE utf8_bin NULL DEFAULT NULL,
  `START_ACT_ID_` varchar(255) CHARACTER SET utf8 COLLATE utf8_bin NULL DEFAULT NULL,
  `END_ACT_ID_` varchar(255) CHARACTER SET utf8 COLLATE utf8_bin NULL DEFAULT NULL,
  `SUPER_PROCESS_INSTANCE_ID_` varchar(64) CHARACTER SET utf8 COLLATE utf8_bin NULL DEFAULT NULL,
  `DELETE_REASON_` varchar(4000) CHARACTER SET utf8 COLLATE utf8_bin NULL DEFAULT NULL,
  `TENANT_ID_` varchar(255) CHARACTER SET utf8 COLLATE utf8_bin NULL DEFAULT '',
  `NAME_` varchar(255) CHARACTER SET utf8 COLLATE utf8_bin NULL DEFAULT NULL,
  PRIMARY KEY (`ID_`) USING BTREE,
  UNIQUE INDEX `PROC_INST_ID_`(`PROC_INST_ID_`) USING BTREE,
  INDEX `ACT_IDX_HI_PRO_INST_END`(`END_TIME_`) USING BTREE,
  INDEX `ACT_IDX_HI_PRO_I_BUSKEY`(`BUSINESS_KEY_`) USING BTREE
) ENGINE = InnoDB CHARACTER SET = utf8 COLLATE = utf8_bin ROW_FORMAT = Dynamic;

-- ----------------------------
-- Records of act_hi_procinst
-- ----------------------------
INSERT INTO `act_hi_procinst` VALUES ('10001', '10001', NULL, 'LeaveApply:2:5004', '2019-07-05 03:05:50.175', NULL, NULL, NULL, 'starter', NULL, NULL, NULL, '', NULL);
INSERT INTO `act_hi_procinst` VALUES ('12501', '12501', NULL, 'LeaveApply:2:5004', '2019-07-05 03:07:57.411', NULL, NULL, NULL, 'starter', NULL, NULL, NULL, '', NULL);
INSERT INTO `act_hi_procinst` VALUES ('12507', '12507', NULL, 'LeaveApply:2:5004', '2019-07-05 03:08:01.077', NULL, NULL, NULL, 'starter', NULL, NULL, NULL, '', NULL);
INSERT INTO `act_hi_procinst` VALUES ('12513', '12513', NULL, 'LeaveApply:2:5004', '2019-07-05 03:08:10.749', NULL, NULL, NULL, 'starter', NULL, NULL, NULL, '', NULL);
INSERT INTO `act_hi_procinst` VALUES ('12519', '12519', NULL, 'LeaveApply:2:5004', '2019-07-05 03:08:13.818', NULL, NULL, NULL, 'starter', NULL, NULL, NULL, '', NULL);
INSERT INTO `act_hi_procinst` VALUES ('12525', '12525', NULL, 'LeaveApply:2:5004', '2019-07-05 03:08:15.047', NULL, NULL, NULL, 'starter', NULL, NULL, NULL, '', NULL);
INSERT INTO `act_hi_procinst` VALUES ('12531', '12531', NULL, 'LeaveApply:2:5004', '2019-07-05 03:08:15.392', NULL, NULL, NULL, 'starter', NULL, NULL, NULL, '', NULL);
INSERT INTO `act_hi_procinst` VALUES ('12537', '12537', NULL, 'LeaveApply:2:5004', '2019-07-05 03:08:41.340', NULL, NULL, NULL, 'starter', NULL, NULL, NULL, '', NULL);
INSERT INTO `act_hi_procinst` VALUES ('15001', '15001', NULL, 'LeaveApply:2:5004', '2019-07-05 03:09:35.854', NULL, NULL, NULL, 'starter', NULL, NULL, NULL, '', NULL);
INSERT INTO `act_hi_procinst` VALUES ('15007', '15007', NULL, 'LeaveApply:2:5004', '2019-07-05 03:12:52.485', NULL, NULL, NULL, 'starter', NULL, NULL, NULL, '', NULL);
INSERT INTO `act_hi_procinst` VALUES ('15013', '15013', NULL, 'LeaveApply:2:5004', '2019-07-05 03:12:54.539', NULL, NULL, NULL, 'starter', NULL, NULL, NULL, '', NULL);
INSERT INTO `act_hi_procinst` VALUES ('17501', '17501', NULL, 'LeaveApply:2:5004', '2019-07-05 03:13:46.151', NULL, NULL, NULL, 'starter', NULL, NULL, NULL, '', NULL);
INSERT INTO `act_hi_procinst` VALUES ('17507', '17507', NULL, 'LeaveApply:2:5004', '2019-07-05 03:16:17.167', NULL, NULL, NULL, 'starter', NULL, NULL, NULL, '', NULL);
INSERT INTO `act_hi_procinst` VALUES ('17513', '17513', NULL, 'LeaveApply:2:5004', '2019-07-05 03:18:18.109', NULL, NULL, NULL, 'starter', NULL, NULL, NULL, '', NULL);
INSERT INTO `act_hi_procinst` VALUES ('17519', '17519', NULL, 'LeaveApply:2:5004', '2019-07-05 03:18:18.829', NULL, NULL, NULL, 'starter', NULL, NULL, NULL, '', NULL);
INSERT INTO `act_hi_procinst` VALUES ('17525', '17525', NULL, 'LeaveApply:2:5004', '2019-07-05 03:18:19.276', NULL, NULL, NULL, 'starter', NULL, NULL, NULL, '', NULL);
INSERT INTO `act_hi_procinst` VALUES ('17531', '17531', NULL, 'LeaveApply:2:5004', '2019-07-05 03:18:19.479', NULL, NULL, NULL, 'starter', NULL, NULL, NULL, '', NULL);
INSERT INTO `act_hi_procinst` VALUES ('17537', '17537', NULL, 'LeaveApply:2:5004', '2019-07-05 03:18:19.648', NULL, NULL, NULL, 'starter', NULL, NULL, NULL, '', NULL);
INSERT INTO `act_hi_procinst` VALUES ('17543', '17543', NULL, 'LeaveApply:2:5004', '2019-07-05 03:18:19.830', NULL, NULL, NULL, 'starter', NULL, NULL, NULL, '', NULL);
INSERT INTO `act_hi_procinst` VALUES ('17549', '17549', NULL, 'LeaveApply:2:5004', '2019-07-05 03:18:20.026', NULL, NULL, NULL, 'starter', NULL, NULL, NULL, '', NULL);
INSERT INTO `act_hi_procinst` VALUES ('17555', '17555', NULL, 'LeaveApply:2:5004', '2019-07-05 03:18:20.210', NULL, NULL, NULL, 'starter', NULL, NULL, NULL, '', NULL);
INSERT INTO `act_hi_procinst` VALUES ('17561', '17561', NULL, 'LeaveApply:2:5004', '2019-07-05 03:18:20.389', NULL, NULL, NULL, 'starter', NULL, NULL, NULL, '', NULL);
INSERT INTO `act_hi_procinst` VALUES ('17567', '17567', NULL, 'LeaveApply:2:5004', '2019-07-05 03:18:20.584', NULL, NULL, NULL, 'starter', NULL, NULL, NULL, '', NULL);
INSERT INTO `act_hi_procinst` VALUES ('17573', '17573', NULL, 'LeaveApply:2:5004', '2019-07-05 03:18:20.755', NULL, NULL, NULL, 'starter', NULL, NULL, NULL, '', NULL);
INSERT INTO `act_hi_procinst` VALUES ('17579', '17579', NULL, 'LeaveApply:2:5004', '2019-07-05 03:18:20.930', NULL, NULL, NULL, 'starter', NULL, NULL, NULL, '', NULL);
INSERT INTO `act_hi_procinst` VALUES ('17585', '17585', NULL, 'LeaveApply:2:5004', '2019-07-05 03:18:21.119', NULL, NULL, NULL, 'starter', NULL, NULL, NULL, '', NULL);
INSERT INTO `act_hi_procinst` VALUES ('17591', '17591', NULL, 'LeaveApply:2:5004', '2019-07-05 03:18:21.317', NULL, NULL, NULL, 'starter', NULL, NULL, NULL, '', NULL);
INSERT INTO `act_hi_procinst` VALUES ('17597', '17597', NULL, 'LeaveApply:2:5004', '2019-07-05 03:18:21.514', NULL, NULL, NULL, 'starter', NULL, NULL, NULL, '', NULL);
INSERT INTO `act_hi_procinst` VALUES ('17603', '17603', NULL, 'LeaveApply:2:5004', '2019-07-05 03:18:21.679', NULL, NULL, NULL, 'starter', NULL, NULL, NULL, '', NULL);
INSERT INTO `act_hi_procinst` VALUES ('17609', '17609', NULL, 'LeaveApply:2:5004', '2019-07-05 03:22:02.205', NULL, NULL, NULL, 'starter', NULL, NULL, NULL, '', NULL);
INSERT INTO `act_hi_procinst` VALUES ('17615', '17615', NULL, 'LeaveApply:2:5004', '2019-07-05 03:22:26.455', NULL, NULL, NULL, 'starter', NULL, NULL, NULL, '', NULL);
INSERT INTO `act_hi_procinst` VALUES ('5006', '5006', NULL, 'LeaveApply2:2:5005', '2019-07-05 02:51:00.166', NULL, NULL, NULL, 'starter', NULL, NULL, NULL, '', NULL);
INSERT INTO `act_hi_procinst` VALUES ('5012', '5012', NULL, 'LeaveApply:2:5004', '2019-07-05 02:51:48.171', NULL, NULL, NULL, 'starter', NULL, NULL, NULL, '', NULL);
INSERT INTO `act_hi_procinst` VALUES ('5018', '5018', NULL, 'LeaveApply:2:5004', '2019-07-05 02:52:42.482', NULL, NULL, NULL, 'starter', NULL, NULL, NULL, '', NULL);
INSERT INTO `act_hi_procinst` VALUES ('5024', '5024', NULL, 'LeaveApply:2:5004', '2019-07-05 02:52:45.910', NULL, NULL, NULL, 'starter', NULL, NULL, NULL, '', NULL);
INSERT INTO `act_hi_procinst` VALUES ('5030', '5030', NULL, 'LeaveApply:2:5004', '2019-07-05 02:53:09.089', NULL, NULL, NULL, 'starter', NULL, NULL, NULL, '', NULL);
INSERT INTO `act_hi_procinst` VALUES ('5036', '5036', NULL, 'LeaveApply:2:5004', '2019-07-05 02:53:09.380', NULL, NULL, NULL, 'starter', NULL, NULL, NULL, '', NULL);
INSERT INTO `act_hi_procinst` VALUES ('5042', '5042', NULL, 'LeaveApply:2:5004', '2019-07-05 02:53:19.161', NULL, NULL, NULL, 'starter', NULL, NULL, NULL, '', NULL);
INSERT INTO `act_hi_procinst` VALUES ('5048', '5048', NULL, 'LeaveApply:2:5004', '2019-07-05 02:54:07.541', NULL, NULL, NULL, 'starter', NULL, NULL, NULL, '', NULL);
INSERT INTO `act_hi_procinst` VALUES ('5054', '5054', NULL, 'LeaveApply:2:5004', '2019-07-05 02:54:12.296', NULL, NULL, NULL, 'starter', NULL, NULL, NULL, '', NULL);
INSERT INTO `act_hi_procinst` VALUES ('7501', '7501', NULL, 'LeaveApply:2:5004', '2019-07-05 02:59:30.013', NULL, NULL, NULL, 'starter', NULL, NULL, NULL, '', NULL);
INSERT INTO `act_hi_procinst` VALUES ('7507', '7507', NULL, 'LeaveApply:2:5004', '2019-07-05 02:59:33.857', NULL, NULL, NULL, 'starter', NULL, NULL, NULL, '', NULL);
INSERT INTO `act_hi_procinst` VALUES ('7513', '7513', NULL, 'LeaveApply:2:5004', '2019-07-05 02:59:34.643', NULL, NULL, NULL, 'starter', NULL, NULL, NULL, '', NULL);
INSERT INTO `act_hi_procinst` VALUES ('7519', '7519', NULL, 'LeaveApply:2:5004', '2019-07-05 02:59:34.942', NULL, NULL, NULL, 'starter', NULL, NULL, NULL, '', NULL);
INSERT INTO `act_hi_procinst` VALUES ('7525', '7525', NULL, 'LeaveApply:2:5004', '2019-07-05 03:00:27.347', NULL, NULL, NULL, 'starter', NULL, NULL, NULL, '', NULL);
INSERT INTO `act_hi_procinst` VALUES ('7531', '7531', NULL, 'LeaveApply:2:5004', '2019-07-05 03:01:08.536', NULL, NULL, NULL, 'starter', NULL, NULL, NULL, '', NULL);
INSERT INTO `act_hi_procinst` VALUES ('7537', '7537', NULL, 'LeaveApply:2:5004', '2019-07-05 03:02:31.131', NULL, NULL, NULL, 'starter', NULL, NULL, NULL, '', NULL);

-- ----------------------------
-- Table structure for act_hi_taskinst
-- ----------------------------
DROP TABLE IF EXISTS `act_hi_taskinst`;
CREATE TABLE `act_hi_taskinst`  (
  `ID_` varchar(64) CHARACTER SET utf8 COLLATE utf8_bin NOT NULL,
  `PROC_DEF_ID_` varchar(64) CHARACTER SET utf8 COLLATE utf8_bin NULL DEFAULT NULL,
  `TASK_DEF_KEY_` varchar(255) CHARACTER SET utf8 COLLATE utf8_bin NULL DEFAULT NULL,
  `PROC_INST_ID_` varchar(64) CHARACTER SET utf8 COLLATE utf8_bin NULL DEFAULT NULL,
  `EXECUTION_ID_` varchar(64) CHARACTER SET utf8 COLLATE utf8_bin NULL DEFAULT NULL,
  `NAME_` varchar(255) CHARACTER SET utf8 COLLATE utf8_bin NULL DEFAULT NULL,
  `PARENT_TASK_ID_` varchar(64) CHARACTER SET utf8 COLLATE utf8_bin NULL DEFAULT NULL,
  `DESCRIPTION_` varchar(4000) CHARACTER SET utf8 COLLATE utf8_bin NULL DEFAULT NULL,
  `OWNER_` varchar(255) CHARACTER SET utf8 COLLATE utf8_bin NULL DEFAULT NULL,
  `ASSIGNEE_` varchar(255) CHARACTER SET utf8 COLLATE utf8_bin NULL DEFAULT NULL,
  `START_TIME_` datetime(3) NOT NULL,
  `CLAIM_TIME_` datetime(3) NULL DEFAULT NULL,
  `END_TIME_` datetime(3) NULL DEFAULT NULL,
  `DURATION_` bigint(20) NULL DEFAULT NULL,
  `DELETE_REASON_` varchar(4000) CHARACTER SET utf8 COLLATE utf8_bin NULL DEFAULT NULL,
  `PRIORITY_` int(11) NULL DEFAULT NULL,
  `DUE_DATE_` datetime(3) NULL DEFAULT NULL,
  `FORM_KEY_` varchar(255) CHARACTER SET utf8 COLLATE utf8_bin NULL DEFAULT NULL,
  `CATEGORY_` varchar(255) CHARACTER SET utf8 COLLATE utf8_bin NULL DEFAULT NULL,
  `TENANT_ID_` varchar(255) CHARACTER SET utf8 COLLATE utf8_bin NULL DEFAULT '',
  PRIMARY KEY (`ID_`) USING BTREE,
  INDEX `ACT_IDX_HI_TASK_INST_PROCINST`(`PROC_INST_ID_`) USING BTREE
) ENGINE = InnoDB CHARACTER SET = utf8 COLLATE = utf8_bin ROW_FORMAT = Dynamic;

-- ----------------------------
-- Records of act_hi_taskinst
-- ----------------------------
INSERT INTO `act_hi_taskinst` VALUES ('10005', 'LeaveApply:2:5004', 'userTaskStudentLeaveApply', '10001', '10002', '', NULL, '', NULL, NULL, '2019-07-05 03:05:50.311', NULL, NULL, NULL, NULL, 50, NULL, NULL, NULL, '');
INSERT INTO `act_hi_taskinst` VALUES ('12505', 'LeaveApply:2:5004', 'userTaskStudentLeaveApply', '12501', '12502', '', NULL, '', NULL, NULL, '2019-07-05 03:07:57.937', NULL, NULL, NULL, NULL, 50, NULL, NULL, NULL, '');
INSERT INTO `act_hi_taskinst` VALUES ('12511', 'LeaveApply:2:5004', 'userTaskStudentLeaveApply', '12507', '12508', '', NULL, '', NULL, NULL, '2019-07-05 03:08:01.080', NULL, NULL, NULL, NULL, 50, NULL, NULL, NULL, '');
INSERT INTO `act_hi_taskinst` VALUES ('12517', 'LeaveApply:2:5004', 'userTaskStudentLeaveApply', '12513', '12514', '', NULL, '', NULL, NULL, '2019-07-05 03:08:10.754', NULL, NULL, NULL, NULL, 50, NULL, NULL, NULL, '');
INSERT INTO `act_hi_taskinst` VALUES ('12523', 'LeaveApply:2:5004', 'userTaskStudentLeaveApply', '12519', '12520', '', NULL, '', NULL, NULL, '2019-07-05 03:08:13.823', NULL, NULL, NULL, NULL, 50, NULL, NULL, NULL, '');
INSERT INTO `act_hi_taskinst` VALUES ('12529', 'LeaveApply:2:5004', 'userTaskStudentLeaveApply', '12525', '12526', '', NULL, '', NULL, NULL, '2019-07-05 03:08:15.064', NULL, NULL, NULL, NULL, 50, NULL, NULL, NULL, '');
INSERT INTO `act_hi_taskinst` VALUES ('12535', 'LeaveApply:2:5004', 'userTaskStudentLeaveApply', '12531', '12532', '', NULL, '', NULL, NULL, '2019-07-05 03:08:15.396', NULL, NULL, NULL, NULL, 50, NULL, NULL, NULL, '');
INSERT INTO `act_hi_taskinst` VALUES ('12541', 'LeaveApply:2:5004', 'userTaskStudentLeaveApply', '12537', '12538', '', NULL, '', NULL, NULL, '2019-07-05 03:08:41.345', NULL, NULL, NULL, NULL, 50, NULL, NULL, NULL, '');
INSERT INTO `act_hi_taskinst` VALUES ('15005', 'LeaveApply:2:5004', 'userTaskStudentLeaveApply', '15001', '15002', '', NULL, '', NULL, NULL, '2019-07-05 03:09:35.988', NULL, NULL, NULL, NULL, 50, NULL, NULL, NULL, '');
INSERT INTO `act_hi_taskinst` VALUES ('15011', 'LeaveApply:2:5004', 'userTaskStudentLeaveApply', '15007', '15008', '', NULL, '', NULL, NULL, '2019-07-05 03:12:52.494', NULL, NULL, NULL, NULL, 50, NULL, NULL, NULL, '');
INSERT INTO `act_hi_taskinst` VALUES ('15017', 'LeaveApply:2:5004', 'userTaskStudentLeaveApply', '15013', '15014', '', NULL, '', NULL, NULL, '2019-07-05 03:12:54.542', NULL, NULL, NULL, NULL, 50, NULL, NULL, NULL, '');
INSERT INTO `act_hi_taskinst` VALUES ('17505', 'LeaveApply:2:5004', 'userTaskStudentLeaveApply', '17501', '17502', '', NULL, '', NULL, NULL, '2019-07-05 03:13:46.280', NULL, NULL, NULL, NULL, 50, NULL, NULL, NULL, '');
INSERT INTO `act_hi_taskinst` VALUES ('17511', 'LeaveApply:2:5004', 'userTaskStudentLeaveApply', '17507', '17508', '', NULL, '', NULL, NULL, '2019-07-05 03:16:17.172', NULL, NULL, NULL, NULL, 50, NULL, NULL, NULL, '');
INSERT INTO `act_hi_taskinst` VALUES ('17517', 'LeaveApply:2:5004', 'userTaskStudentLeaveApply', '17513', '17514', '', NULL, '', NULL, NULL, '2019-07-05 03:18:18.111', NULL, NULL, NULL, NULL, 50, NULL, NULL, NULL, '');
INSERT INTO `act_hi_taskinst` VALUES ('17523', 'LeaveApply:2:5004', 'userTaskStudentLeaveApply', '17519', '17520', '', NULL, '', NULL, NULL, '2019-07-05 03:18:18.832', NULL, NULL, NULL, NULL, 50, NULL, NULL, NULL, '');
INSERT INTO `act_hi_taskinst` VALUES ('17529', 'LeaveApply:2:5004', 'userTaskStudentLeaveApply', '17525', '17526', '', NULL, '', NULL, NULL, '2019-07-05 03:18:19.279', NULL, NULL, NULL, NULL, 50, NULL, NULL, NULL, '');
INSERT INTO `act_hi_taskinst` VALUES ('17535', 'LeaveApply:2:5004', 'userTaskStudentLeaveApply', '17531', '17532', '', NULL, '', NULL, NULL, '2019-07-05 03:18:19.483', NULL, NULL, NULL, NULL, 50, NULL, NULL, NULL, '');
INSERT INTO `act_hi_taskinst` VALUES ('17541', 'LeaveApply:2:5004', 'userTaskStudentLeaveApply', '17537', '17538', '', NULL, '', NULL, NULL, '2019-07-05 03:18:19.652', NULL, NULL, NULL, NULL, 50, NULL, NULL, NULL, '');
INSERT INTO `act_hi_taskinst` VALUES ('17547', 'LeaveApply:2:5004', 'userTaskStudentLeaveApply', '17543', '17544', '', NULL, '', NULL, NULL, '2019-07-05 03:18:19.833', NULL, NULL, NULL, NULL, 50, NULL, NULL, NULL, '');
INSERT INTO `act_hi_taskinst` VALUES ('17553', 'LeaveApply:2:5004', 'userTaskStudentLeaveApply', '17549', '17550', '', NULL, '', NULL, NULL, '2019-07-05 03:18:20.030', NULL, NULL, NULL, NULL, 50, NULL, NULL, NULL, '');
INSERT INTO `act_hi_taskinst` VALUES ('17559', 'LeaveApply:2:5004', 'userTaskStudentLeaveApply', '17555', '17556', '', NULL, '', NULL, NULL, '2019-07-05 03:18:20.213', NULL, NULL, NULL, NULL, 50, NULL, NULL, NULL, '');
INSERT INTO `act_hi_taskinst` VALUES ('17565', 'LeaveApply:2:5004', 'userTaskStudentLeaveApply', '17561', '17562', '', NULL, '', NULL, NULL, '2019-07-05 03:18:20.392', NULL, NULL, NULL, NULL, 50, NULL, NULL, NULL, '');
INSERT INTO `act_hi_taskinst` VALUES ('17571', 'LeaveApply:2:5004', 'userTaskStudentLeaveApply', '17567', '17568', '', NULL, '', NULL, NULL, '2019-07-05 03:18:20.587', NULL, NULL, NULL, NULL, 50, NULL, NULL, NULL, '');
INSERT INTO `act_hi_taskinst` VALUES ('17577', 'LeaveApply:2:5004', 'userTaskStudentLeaveApply', '17573', '17574', '', NULL, '', NULL, NULL, '2019-07-05 03:18:20.758', NULL, NULL, NULL, NULL, 50, NULL, NULL, NULL, '');
INSERT INTO `act_hi_taskinst` VALUES ('17583', 'LeaveApply:2:5004', 'userTaskStudentLeaveApply', '17579', '17580', '', NULL, '', NULL, NULL, '2019-07-05 03:18:20.933', NULL, NULL, NULL, NULL, 50, NULL, NULL, NULL, '');
INSERT INTO `act_hi_taskinst` VALUES ('17589', 'LeaveApply:2:5004', 'userTaskStudentLeaveApply', '17585', '17586', '', NULL, '', NULL, NULL, '2019-07-05 03:18:21.122', NULL, NULL, NULL, NULL, 50, NULL, NULL, NULL, '');
INSERT INTO `act_hi_taskinst` VALUES ('17595', 'LeaveApply:2:5004', 'userTaskStudentLeaveApply', '17591', '17592', '', NULL, '', NULL, NULL, '2019-07-05 03:18:21.320', NULL, NULL, NULL, NULL, 50, NULL, NULL, NULL, '');
INSERT INTO `act_hi_taskinst` VALUES ('17601', 'LeaveApply:2:5004', 'userTaskStudentLeaveApply', '17597', '17598', '', NULL, '', NULL, NULL, '2019-07-05 03:18:21.517', NULL, NULL, NULL, NULL, 50, NULL, NULL, NULL, '');
INSERT INTO `act_hi_taskinst` VALUES ('17607', 'LeaveApply:2:5004', 'userTaskStudentLeaveApply', '17603', '17604', '', NULL, '', NULL, NULL, '2019-07-05 03:18:21.683', NULL, NULL, NULL, NULL, 50, NULL, NULL, NULL, '');
INSERT INTO `act_hi_taskinst` VALUES ('17613', 'LeaveApply:2:5004', 'userTaskStudentLeaveApply', '17609', '17610', '', NULL, '', NULL, NULL, '2019-07-05 03:22:02.207', NULL, NULL, NULL, NULL, 50, NULL, NULL, NULL, '');
INSERT INTO `act_hi_taskinst` VALUES ('17619', 'LeaveApply:2:5004', 'userTaskStudentLeaveApply', '17615', '17616', '', NULL, '', NULL, NULL, '2019-07-05 03:22:26.458', NULL, NULL, NULL, NULL, 50, NULL, NULL, NULL, '');
INSERT INTO `act_hi_taskinst` VALUES ('5010', 'LeaveApply2:2:5005', 'userTaskStudentLeaveApply', '5006', '5007', '', NULL, '', NULL, NULL, '2019-07-05 02:51:00.501', NULL, NULL, NULL, NULL, 50, NULL, NULL, NULL, '');
INSERT INTO `act_hi_taskinst` VALUES ('5016', 'LeaveApply:2:5004', 'userTaskStudentLeaveApply', '5012', '5013', '', NULL, '', NULL, NULL, '2019-07-05 02:51:48.176', NULL, NULL, NULL, NULL, 50, NULL, NULL, NULL, '');
INSERT INTO `act_hi_taskinst` VALUES ('5022', 'LeaveApply:2:5004', 'userTaskStudentLeaveApply', '5018', '5019', '', NULL, '', NULL, NULL, '2019-07-05 02:52:42.485', NULL, NULL, NULL, NULL, 50, NULL, NULL, NULL, '');
INSERT INTO `act_hi_taskinst` VALUES ('5028', 'LeaveApply:2:5004', 'userTaskStudentLeaveApply', '5024', '5025', '', NULL, '', NULL, NULL, '2019-07-05 02:52:45.915', NULL, NULL, NULL, NULL, 50, NULL, NULL, NULL, '');
INSERT INTO `act_hi_taskinst` VALUES ('5034', 'LeaveApply:2:5004', 'userTaskStudentLeaveApply', '5030', '5031', '', NULL, '', NULL, NULL, '2019-07-05 02:53:09.106', NULL, NULL, NULL, NULL, 50, NULL, NULL, NULL, '');
INSERT INTO `act_hi_taskinst` VALUES ('5040', 'LeaveApply:2:5004', 'userTaskStudentLeaveApply', '5036', '5037', '', NULL, '', NULL, NULL, '2019-07-05 02:53:09.385', NULL, NULL, NULL, NULL, 50, NULL, NULL, NULL, '');
INSERT INTO `act_hi_taskinst` VALUES ('5046', 'LeaveApply:2:5004', 'userTaskStudentLeaveApply', '5042', '5043', '', NULL, '', NULL, NULL, '2019-07-05 02:53:19.165', NULL, NULL, NULL, NULL, 50, NULL, NULL, NULL, '');
INSERT INTO `act_hi_taskinst` VALUES ('5052', 'LeaveApply:2:5004', 'userTaskStudentLeaveApply', '5048', '5049', '', NULL, '', NULL, NULL, '2019-07-05 02:54:07.544', NULL, NULL, NULL, NULL, 50, NULL, NULL, NULL, '');
INSERT INTO `act_hi_taskinst` VALUES ('5058', 'LeaveApply:2:5004', 'userTaskStudentLeaveApply', '5054', '5055', '', NULL, '', NULL, NULL, '2019-07-05 02:54:12.299', NULL, NULL, NULL, NULL, 50, NULL, NULL, NULL, '');
INSERT INTO `act_hi_taskinst` VALUES ('7505', 'LeaveApply:2:5004', 'userTaskStudentLeaveApply', '7501', '7502', '', NULL, '', NULL, NULL, '2019-07-05 02:59:30.613', NULL, NULL, NULL, NULL, 50, NULL, NULL, NULL, '');
INSERT INTO `act_hi_taskinst` VALUES ('7511', 'LeaveApply:2:5004', 'userTaskStudentLeaveApply', '7507', '7508', '', NULL, '', NULL, NULL, '2019-07-05 02:59:33.860', NULL, NULL, NULL, NULL, 50, NULL, NULL, NULL, '');
INSERT INTO `act_hi_taskinst` VALUES ('7517', 'LeaveApply:2:5004', 'userTaskStudentLeaveApply', '7513', '7514', '', NULL, '', NULL, NULL, '2019-07-05 02:59:34.655', NULL, NULL, NULL, NULL, 50, NULL, NULL, NULL, '');
INSERT INTO `act_hi_taskinst` VALUES ('7523', 'LeaveApply:2:5004', 'userTaskStudentLeaveApply', '7519', '7520', '', NULL, '', NULL, NULL, '2019-07-05 02:59:34.945', NULL, NULL, NULL, NULL, 50, NULL, NULL, NULL, '');
INSERT INTO `act_hi_taskinst` VALUES ('7529', 'LeaveApply:2:5004', 'userTaskStudentLeaveApply', '7525', '7526', '', NULL, '', NULL, NULL, '2019-07-05 03:00:27.354', NULL, NULL, NULL, NULL, 50, NULL, NULL, NULL, '');
INSERT INTO `act_hi_taskinst` VALUES ('7535', 'LeaveApply:2:5004', 'userTaskStudentLeaveApply', '7531', '7532', '', NULL, '', NULL, NULL, '2019-07-05 03:01:08.539', NULL, NULL, NULL, NULL, 50, NULL, NULL, NULL, '');
INSERT INTO `act_hi_taskinst` VALUES ('7541', 'LeaveApply:2:5004', 'userTaskStudentLeaveApply', '7537', '7538', '', NULL, '', NULL, NULL, '2019-07-05 03:02:31.135', NULL, NULL, NULL, NULL, 50, NULL, NULL, NULL, '');

-- ----------------------------
-- Table structure for act_hi_varinst
-- ----------------------------
DROP TABLE IF EXISTS `act_hi_varinst`;
CREATE TABLE `act_hi_varinst`  (
  `ID_` varchar(64) CHARACTER SET utf8 COLLATE utf8_bin NOT NULL,
  `PROC_INST_ID_` varchar(64) CHARACTER SET utf8 COLLATE utf8_bin NULL DEFAULT NULL,
  `EXECUTION_ID_` varchar(64) CHARACTER SET utf8 COLLATE utf8_bin NULL DEFAULT NULL,
  `TASK_ID_` varchar(64) CHARACTER SET utf8 COLLATE utf8_bin NULL DEFAULT NULL,
  `NAME_` varchar(255) CHARACTER SET utf8 COLLATE utf8_bin NOT NULL,
  `VAR_TYPE_` varchar(100) CHARACTER SET utf8 COLLATE utf8_bin NULL DEFAULT NULL,
  `REV_` int(11) NULL DEFAULT NULL,
  `BYTEARRAY_ID_` varchar(64) CHARACTER SET utf8 COLLATE utf8_bin NULL DEFAULT NULL,
  `DOUBLE_` double NULL DEFAULT NULL,
  `LONG_` bigint(20) NULL DEFAULT NULL,
  `TEXT_` varchar(4000) CHARACTER SET utf8 COLLATE utf8_bin NULL DEFAULT NULL,
  `TEXT2_` varchar(4000) CHARACTER SET utf8 COLLATE utf8_bin NULL DEFAULT NULL,
  `CREATE_TIME_` datetime(3) NULL DEFAULT NULL,
  `LAST_UPDATED_TIME_` datetime(3) NULL DEFAULT NULL,
  PRIMARY KEY (`ID_`) USING BTREE,
  INDEX `ACT_IDX_HI_PROCVAR_PROC_INST`(`PROC_INST_ID_`) USING BTREE,
  INDEX `ACT_IDX_HI_PROCVAR_NAME_TYPE`(`NAME_`, `VAR_TYPE_`) USING BTREE,
  INDEX `ACT_IDX_HI_PROCVAR_TASK_ID`(`TASK_ID_`) USING BTREE
) ENGINE = InnoDB CHARACTER SET = utf8 COLLATE = utf8_bin ROW_FORMAT = Dynamic;

-- ----------------------------
-- Table structure for act_procdef_info
-- ----------------------------
DROP TABLE IF EXISTS `act_procdef_info`;
CREATE TABLE `act_procdef_info`  (
  `ID_` varchar(64) CHARACTER SET utf8 COLLATE utf8_bin NOT NULL,
  `PROC_DEF_ID_` varchar(64) CHARACTER SET utf8 COLLATE utf8_bin NOT NULL,
  `REV_` int(11) NULL DEFAULT NULL,
  `INFO_JSON_ID_` varchar(64) CHARACTER SET utf8 COLLATE utf8_bin NULL DEFAULT NULL,
  PRIMARY KEY (`ID_`) USING BTREE,
  UNIQUE INDEX `ACT_UNIQ_INFO_PROCDEF`(`PROC_DEF_ID_`) USING BTREE,
  INDEX `ACT_IDX_INFO_PROCDEF`(`PROC_DEF_ID_`) USING BTREE,
  INDEX `ACT_FK_INFO_JSON_BA`(`INFO_JSON_ID_`) USING BTREE,
  CONSTRAINT `ACT_FK_INFO_JSON_BA` FOREIGN KEY (`INFO_JSON_ID_`) REFERENCES `act_ge_bytearray` (`ID_`) ON DELETE RESTRICT ON UPDATE RESTRICT,
  CONSTRAINT `ACT_FK_INFO_PROCDEF` FOREIGN KEY (`PROC_DEF_ID_`) REFERENCES `act_re_procdef` (`ID_`) ON DELETE RESTRICT ON UPDATE RESTRICT
) ENGINE = InnoDB CHARACTER SET = utf8 COLLATE = utf8_bin ROW_FORMAT = Dynamic;

-- ----------------------------
-- Table structure for act_re_deployment
-- ----------------------------
DROP TABLE IF EXISTS `act_re_deployment`;
CREATE TABLE `act_re_deployment`  (
  `ID_` varchar(64) CHARACTER SET utf8 COLLATE utf8_bin NOT NULL,
  `NAME_` varchar(255) CHARACTER SET utf8 COLLATE utf8_bin NULL DEFAULT NULL,
  `CATEGORY_` varchar(255) CHARACTER SET utf8 COLLATE utf8_bin NULL DEFAULT NULL,
  `KEY_` varchar(255) CHARACTER SET utf8 COLLATE utf8_bin NULL DEFAULT NULL,
  `TENANT_ID_` varchar(255) CHARACTER SET utf8 COLLATE utf8_bin NULL DEFAULT '',
  `DEPLOY_TIME_` timestamp(3) NULL DEFAULT NULL,
  `ENGINE_VERSION_` varchar(255) CHARACTER SET utf8 COLLATE utf8_bin NULL DEFAULT NULL,
  PRIMARY KEY (`ID_`) USING BTREE
) ENGINE = InnoDB CHARACTER SET = utf8 COLLATE = utf8_bin ROW_FORMAT = Dynamic;

-- ----------------------------
-- Records of act_re_deployment
-- ----------------------------
INSERT INTO `act_re_deployment` VALUES ('1', 'SpringAutoDeployment', NULL, NULL, '', '2019-07-05 01:23:54.821', NULL);
INSERT INTO `act_re_deployment` VALUES ('22501', 'SpringAutoDeployment', NULL, NULL, '', '2019-07-06 22:53:33.411', NULL);
INSERT INTO `act_re_deployment` VALUES ('25001', 'SpringAutoDeployment', NULL, NULL, '', '2019-07-20 01:14:06.120', NULL);
INSERT INTO `act_re_deployment` VALUES ('5001', 'SpringAutoDeployment', NULL, NULL, '', '2019-07-05 02:49:55.675', NULL);

-- ----------------------------
-- Table structure for act_re_model
-- ----------------------------
DROP TABLE IF EXISTS `act_re_model`;
CREATE TABLE `act_re_model`  (
  `ID_` varchar(64) CHARACTER SET utf8 COLLATE utf8_bin NOT NULL,
  `REV_` int(11) NULL DEFAULT NULL,
  `NAME_` varchar(255) CHARACTER SET utf8 COLLATE utf8_bin NULL DEFAULT NULL,
  `KEY_` varchar(255) CHARACTER SET utf8 COLLATE utf8_bin NULL DEFAULT NULL,
  `CATEGORY_` varchar(255) CHARACTER SET utf8 COLLATE utf8_bin NULL DEFAULT NULL,
  `CREATE_TIME_` timestamp(3) NULL DEFAULT NULL,
  `LAST_UPDATE_TIME_` timestamp(3) NULL DEFAULT NULL,
  `VERSION_` int(11) NULL DEFAULT NULL,
  `META_INFO_` varchar(4000) CHARACTER SET utf8 COLLATE utf8_bin NULL DEFAULT NULL,
  `DEPLOYMENT_ID_` varchar(64) CHARACTER SET utf8 COLLATE utf8_bin NULL DEFAULT NULL,
  `EDITOR_SOURCE_VALUE_ID_` varchar(64) CHARACTER SET utf8 COLLATE utf8_bin NULL DEFAULT NULL,
  `EDITOR_SOURCE_EXTRA_VALUE_ID_` varchar(64) CHARACTER SET utf8 COLLATE utf8_bin NULL DEFAULT NULL,
  `TENANT_ID_` varchar(255) CHARACTER SET utf8 COLLATE utf8_bin NULL DEFAULT '',
  PRIMARY KEY (`ID_`) USING BTREE,
  INDEX `ACT_FK_MODEL_SOURCE`(`EDITOR_SOURCE_VALUE_ID_`) USING BTREE,
  INDEX `ACT_FK_MODEL_SOURCE_EXTRA`(`EDITOR_SOURCE_EXTRA_VALUE_ID_`) USING BTREE,
  INDEX `ACT_FK_MODEL_DEPLOYMENT`(`DEPLOYMENT_ID_`) USING BTREE,
  CONSTRAINT `ACT_FK_MODEL_DEPLOYMENT` FOREIGN KEY (`DEPLOYMENT_ID_`) REFERENCES `act_re_deployment` (`ID_`) ON DELETE RESTRICT ON UPDATE RESTRICT,
  CONSTRAINT `ACT_FK_MODEL_SOURCE` FOREIGN KEY (`EDITOR_SOURCE_VALUE_ID_`) REFERENCES `act_ge_bytearray` (`ID_`) ON DELETE RESTRICT ON UPDATE RESTRICT,
  CONSTRAINT `ACT_FK_MODEL_SOURCE_EXTRA` FOREIGN KEY (`EDITOR_SOURCE_EXTRA_VALUE_ID_`) REFERENCES `act_ge_bytearray` (`ID_`) ON DELETE RESTRICT ON UPDATE RESTRICT
) ENGINE = InnoDB CHARACTER SET = utf8 COLLATE = utf8_bin ROW_FORMAT = Dynamic;

-- ----------------------------
-- Table structure for act_re_procdef
-- ----------------------------
DROP TABLE IF EXISTS `act_re_procdef`;
CREATE TABLE `act_re_procdef`  (
  `ID_` varchar(64) CHARACTER SET utf8 COLLATE utf8_bin NOT NULL,
  `REV_` int(11) NULL DEFAULT NULL,
  `CATEGORY_` varchar(255) CHARACTER SET utf8 COLLATE utf8_bin NULL DEFAULT NULL,
  `NAME_` varchar(255) CHARACTER SET utf8 COLLATE utf8_bin NULL DEFAULT NULL,
  `KEY_` varchar(255) CHARACTER SET utf8 COLLATE utf8_bin NOT NULL,
  `VERSION_` int(11) NOT NULL,
  `DEPLOYMENT_ID_` varchar(64) CHARACTER SET utf8 COLLATE utf8_bin NULL DEFAULT NULL,
  `RESOURCE_NAME_` varchar(4000) CHARACTER SET utf8 COLLATE utf8_bin NULL DEFAULT NULL,
  `DGRM_RESOURCE_NAME_` varchar(4000) CHARACTER SET utf8 COLLATE utf8_bin NULL DEFAULT NULL,
  `DESCRIPTION_` varchar(4000) CHARACTER SET utf8 COLLATE utf8_bin NULL DEFAULT NULL,
  `HAS_START_FORM_KEY_` tinyint(4) NULL DEFAULT NULL,
  `HAS_GRAPHICAL_NOTATION_` tinyint(4) NULL DEFAULT NULL,
  `SUSPENSION_STATE_` int(11) NULL DEFAULT NULL,
  `TENANT_ID_` varchar(255) CHARACTER SET utf8 COLLATE utf8_bin NULL DEFAULT '',
  `ENGINE_VERSION_` varchar(255) CHARACTER SET utf8 COLLATE utf8_bin NULL DEFAULT NULL,
  PRIMARY KEY (`ID_`) USING BTREE,
  UNIQUE INDEX `ACT_UNIQ_PROCDEF`(`KEY_`, `VERSION_`, `TENANT_ID_`) USING BTREE
) ENGINE = InnoDB CHARACTER SET = utf8 COLLATE = utf8_bin ROW_FORMAT = Dynamic;

-- ----------------------------
-- Records of act_re_procdef
-- ----------------------------
INSERT INTO `act_re_procdef` VALUES ('LeaveApply2:1:5', 1, 'http://www.activiti.org/test', '2', 'LeaveApply2', 1, '1', 'E:\\work\\workspace\\git\\oschina\\yylframework\\framework-parent\\framework-flow\\target\\classes\\com\\youyoulong\\framework\\flow\\activiti\\bpmn\\leave\\LeaveApply2.bpmn', NULL, NULL, 0, 1, 1, '', NULL);
INSERT INTO `act_re_procdef` VALUES ('LeaveApply2:2:5005', 1, 'http://www.activiti.org/test', '2', 'LeaveApply2', 2, '5001', 'E:\\work\\workspace\\git\\oschina\\yylframework\\framework-parent\\framework-flow\\target\\classes\\com\\youyoulong\\framework\\flow\\activiti\\bpmn\\leave\\LeaveApply2.bpmn', NULL, NULL, 0, 1, 1, '', NULL);
INSERT INTO `act_re_procdef` VALUES ('LeaveApply2:3:22505', 1, 'http://www.activiti.org/test', '2', 'LeaveApply2', 3, '22501', 'E:\\work\\workspace\\git\\oschina\\yylframework\\framework-parent\\framework-flow\\target\\classes\\com\\youyoulong\\framework\\flow\\activiti\\bpmn\\leave\\LeaveApply2.bpmn', NULL, NULL, 0, 1, 1, '', NULL);
INSERT INTO `act_re_procdef` VALUES ('LeaveApply2:4:25004', 1, 'http://www.activiti.org/test', '2', 'LeaveApply2', 4, '25001', 'LeaveApply2.bpmn', NULL, NULL, 0, 1, 1, '', NULL);
INSERT INTO `act_re_procdef` VALUES ('LeaveApply:1:4', 1, 'http://www.activiti.org/test', '', 'LeaveApply', 1, '1', 'E:\\work\\workspace\\git\\oschina\\yylframework\\framework-parent\\framework-flow\\target\\classes\\com\\youyoulong\\framework\\flow\\activiti\\bpmn\\leave\\LeaveApply.bpmn', NULL, NULL, 0, 1, 1, '', NULL);
INSERT INTO `act_re_procdef` VALUES ('LeaveApply:2:5004', 1, 'http://www.activiti.org/test', '', 'LeaveApply', 2, '5001', 'E:\\work\\workspace\\git\\oschina\\yylframework\\framework-parent\\framework-flow\\target\\classes\\com\\youyoulong\\framework\\flow\\activiti\\bpmn\\leave\\LeaveApply.bpmn', NULL, NULL, 0, 1, 1, '', NULL);
INSERT INTO `act_re_procdef` VALUES ('myProcess_1:1:22504', 1, 'http://www.activiti.org/testm1562453511503', '', 'myProcess_1', 1, '22501', 'E:\\work\\workspace\\git\\oschina\\yylframework\\framework-parent\\framework-flow\\target\\classes\\com\\youyoulong\\framework\\flow\\activiti\\bpmn\\leave\\LeaveApply.bpmn', NULL, NULL, 0, 1, 1, '', NULL);
INSERT INTO `act_re_procdef` VALUES ('myProcess_1:2:25005', 1, 'http://www.activiti.org/testm1562453511503', '', 'myProcess_1', 2, '25001', 'LeaveApply.bpmn', NULL, NULL, 0, 1, 1, '', NULL);

-- ----------------------------
-- Table structure for act_ru_deadletter_job
-- ----------------------------
DROP TABLE IF EXISTS `act_ru_deadletter_job`;
CREATE TABLE `act_ru_deadletter_job`  (
  `ID_` varchar(64) CHARACTER SET utf8 COLLATE utf8_bin NOT NULL,
  `REV_` int(11) NULL DEFAULT NULL,
  `TYPE_` varchar(255) CHARACTER SET utf8 COLLATE utf8_bin NOT NULL,
  `EXCLUSIVE_` tinyint(1) NULL DEFAULT NULL,
  `EXECUTION_ID_` varchar(64) CHARACTER SET utf8 COLLATE utf8_bin NULL DEFAULT NULL,
  `PROCESS_INSTANCE_ID_` varchar(64) CHARACTER SET utf8 COLLATE utf8_bin NULL DEFAULT NULL,
  `PROC_DEF_ID_` varchar(64) CHARACTER SET utf8 COLLATE utf8_bin NULL DEFAULT NULL,
  `EXCEPTION_STACK_ID_` varchar(64) CHARACTER SET utf8 COLLATE utf8_bin NULL DEFAULT NULL,
  `EXCEPTION_MSG_` varchar(4000) CHARACTER SET utf8 COLLATE utf8_bin NULL DEFAULT NULL,
  `DUEDATE_` timestamp(3) NULL DEFAULT NULL,
  `REPEAT_` varchar(255) CHARACTER SET utf8 COLLATE utf8_bin NULL DEFAULT NULL,
  `HANDLER_TYPE_` varchar(255) CHARACTER SET utf8 COLLATE utf8_bin NULL DEFAULT NULL,
  `HANDLER_CFG_` varchar(4000) CHARACTER SET utf8 COLLATE utf8_bin NULL DEFAULT NULL,
  `TENANT_ID_` varchar(255) CHARACTER SET utf8 COLLATE utf8_bin NULL DEFAULT '',
  PRIMARY KEY (`ID_`) USING BTREE,
  INDEX `ACT_FK_DEADLETTER_JOB_EXECUTION`(`EXECUTION_ID_`) USING BTREE,
  INDEX `ACT_FK_DEADLETTER_JOB_PROCESS_INSTANCE`(`PROCESS_INSTANCE_ID_`) USING BTREE,
  INDEX `ACT_FK_DEADLETTER_JOB_PROC_DEF`(`PROC_DEF_ID_`) USING BTREE,
  INDEX `ACT_FK_DEADLETTER_JOB_EXCEPTION`(`EXCEPTION_STACK_ID_`) USING BTREE,
  CONSTRAINT `ACT_FK_DEADLETTER_JOB_EXCEPTION` FOREIGN KEY (`EXCEPTION_STACK_ID_`) REFERENCES `act_ge_bytearray` (`ID_`) ON DELETE RESTRICT ON UPDATE RESTRICT,
  CONSTRAINT `ACT_FK_DEADLETTER_JOB_EXECUTION` FOREIGN KEY (`EXECUTION_ID_`) REFERENCES `act_ru_execution` (`ID_`) ON DELETE RESTRICT ON UPDATE RESTRICT,
  CONSTRAINT `ACT_FK_DEADLETTER_JOB_PROCESS_INSTANCE` FOREIGN KEY (`PROCESS_INSTANCE_ID_`) REFERENCES `act_ru_execution` (`ID_`) ON DELETE RESTRICT ON UPDATE RESTRICT,
  CONSTRAINT `ACT_FK_DEADLETTER_JOB_PROC_DEF` FOREIGN KEY (`PROC_DEF_ID_`) REFERENCES `act_re_procdef` (`ID_`) ON DELETE RESTRICT ON UPDATE RESTRICT
) ENGINE = InnoDB CHARACTER SET = utf8 COLLATE = utf8_bin ROW_FORMAT = Dynamic;

-- ----------------------------
-- Table structure for act_ru_event_subscr
-- ----------------------------
DROP TABLE IF EXISTS `act_ru_event_subscr`;
CREATE TABLE `act_ru_event_subscr`  (
  `ID_` varchar(64) CHARACTER SET utf8 COLLATE utf8_bin NOT NULL,
  `REV_` int(11) NULL DEFAULT NULL,
  `EVENT_TYPE_` varchar(255) CHARACTER SET utf8 COLLATE utf8_bin NOT NULL,
  `EVENT_NAME_` varchar(255) CHARACTER SET utf8 COLLATE utf8_bin NULL DEFAULT NULL,
  `EXECUTION_ID_` varchar(64) CHARACTER SET utf8 COLLATE utf8_bin NULL DEFAULT NULL,
  `PROC_INST_ID_` varchar(64) CHARACTER SET utf8 COLLATE utf8_bin NULL DEFAULT NULL,
  `ACTIVITY_ID_` varchar(64) CHARACTER SET utf8 COLLATE utf8_bin NULL DEFAULT NULL,
  `CONFIGURATION_` varchar(255) CHARACTER SET utf8 COLLATE utf8_bin NULL DEFAULT NULL,
  `CREATED_` timestamp(3) NOT NULL DEFAULT CURRENT_TIMESTAMP(3),
  `PROC_DEF_ID_` varchar(64) CHARACTER SET utf8 COLLATE utf8_bin NULL DEFAULT NULL,
  `TENANT_ID_` varchar(255) CHARACTER SET utf8 COLLATE utf8_bin NULL DEFAULT '',
  PRIMARY KEY (`ID_`) USING BTREE,
  INDEX `ACT_IDX_EVENT_SUBSCR_CONFIG_`(`CONFIGURATION_`) USING BTREE,
  INDEX `ACT_FK_EVENT_EXEC`(`EXECUTION_ID_`) USING BTREE,
  CONSTRAINT `ACT_FK_EVENT_EXEC` FOREIGN KEY (`EXECUTION_ID_`) REFERENCES `act_ru_execution` (`ID_`) ON DELETE RESTRICT ON UPDATE RESTRICT
) ENGINE = InnoDB CHARACTER SET = utf8 COLLATE = utf8_bin ROW_FORMAT = Dynamic;

-- ----------------------------
-- Table structure for act_ru_execution
-- ----------------------------
DROP TABLE IF EXISTS `act_ru_execution`;
CREATE TABLE `act_ru_execution`  (
  `ID_` varchar(64) CHARACTER SET utf8 COLLATE utf8_bin NOT NULL,
  `REV_` int(11) NULL DEFAULT NULL,
  `PROC_INST_ID_` varchar(64) CHARACTER SET utf8 COLLATE utf8_bin NULL DEFAULT NULL,
  `BUSINESS_KEY_` varchar(255) CHARACTER SET utf8 COLLATE utf8_bin NULL DEFAULT NULL,
  `PARENT_ID_` varchar(64) CHARACTER SET utf8 COLLATE utf8_bin NULL DEFAULT NULL,
  `PROC_DEF_ID_` varchar(64) CHARACTER SET utf8 COLLATE utf8_bin NULL DEFAULT NULL,
  `SUPER_EXEC_` varchar(64) CHARACTER SET utf8 COLLATE utf8_bin NULL DEFAULT NULL,
  `ROOT_PROC_INST_ID_` varchar(64) CHARACTER SET utf8 COLLATE utf8_bin NULL DEFAULT NULL,
  `ACT_ID_` varchar(255) CHARACTER SET utf8 COLLATE utf8_bin NULL DEFAULT NULL,
  `IS_ACTIVE_` tinyint(4) NULL DEFAULT NULL,
  `IS_CONCURRENT_` tinyint(4) NULL DEFAULT NULL,
  `IS_SCOPE_` tinyint(4) NULL DEFAULT NULL,
  `IS_EVENT_SCOPE_` tinyint(4) NULL DEFAULT NULL,
  `IS_MI_ROOT_` tinyint(4) NULL DEFAULT NULL,
  `SUSPENSION_STATE_` int(11) NULL DEFAULT NULL,
  `CACHED_ENT_STATE_` int(11) NULL DEFAULT NULL,
  `TENANT_ID_` varchar(255) CHARACTER SET utf8 COLLATE utf8_bin NULL DEFAULT '',
  `NAME_` varchar(255) CHARACTER SET utf8 COLLATE utf8_bin NULL DEFAULT NULL,
  `START_TIME_` datetime(3) NULL DEFAULT NULL,
  `START_USER_ID_` varchar(255) CHARACTER SET utf8 COLLATE utf8_bin NULL DEFAULT NULL,
  `LOCK_TIME_` timestamp(3) NULL DEFAULT NULL,
  `IS_COUNT_ENABLED_` tinyint(4) NULL DEFAULT NULL,
  `EVT_SUBSCR_COUNT_` int(11) NULL DEFAULT NULL,
  `TASK_COUNT_` int(11) NULL DEFAULT NULL,
  `JOB_COUNT_` int(11) NULL DEFAULT NULL,
  `TIMER_JOB_COUNT_` int(11) NULL DEFAULT NULL,
  `SUSP_JOB_COUNT_` int(11) NULL DEFAULT NULL,
  `DEADLETTER_JOB_COUNT_` int(11) NULL DEFAULT NULL,
  `VAR_COUNT_` int(11) NULL DEFAULT NULL,
  `ID_LINK_COUNT_` int(11) NULL DEFAULT NULL,
  PRIMARY KEY (`ID_`) USING BTREE,
  INDEX `ACT_IDX_EXEC_BUSKEY`(`BUSINESS_KEY_`) USING BTREE,
  INDEX `ACT_IDC_EXEC_ROOT`(`ROOT_PROC_INST_ID_`) USING BTREE,
  INDEX `ACT_FK_EXE_PROCINST`(`PROC_INST_ID_`) USING BTREE,
  INDEX `ACT_FK_EXE_PARENT`(`PARENT_ID_`) USING BTREE,
  INDEX `ACT_FK_EXE_SUPER`(`SUPER_EXEC_`) USING BTREE,
  INDEX `ACT_FK_EXE_PROCDEF`(`PROC_DEF_ID_`) USING BTREE,
  CONSTRAINT `ACT_FK_EXE_PARENT` FOREIGN KEY (`PARENT_ID_`) REFERENCES `act_ru_execution` (`ID_`) ON DELETE CASCADE ON UPDATE RESTRICT,
  CONSTRAINT `ACT_FK_EXE_PROCDEF` FOREIGN KEY (`PROC_DEF_ID_`) REFERENCES `act_re_procdef` (`ID_`) ON DELETE RESTRICT ON UPDATE RESTRICT,
  CONSTRAINT `ACT_FK_EXE_PROCINST` FOREIGN KEY (`PROC_INST_ID_`) REFERENCES `act_ru_execution` (`ID_`) ON DELETE CASCADE ON UPDATE CASCADE,
  CONSTRAINT `ACT_FK_EXE_SUPER` FOREIGN KEY (`SUPER_EXEC_`) REFERENCES `act_ru_execution` (`ID_`) ON DELETE CASCADE ON UPDATE RESTRICT
) ENGINE = InnoDB CHARACTER SET = utf8 COLLATE = utf8_bin ROW_FORMAT = Dynamic;

-- ----------------------------
-- Records of act_ru_execution
-- ----------------------------
INSERT INTO `act_ru_execution` VALUES ('10001', 1, '10001', NULL, NULL, 'LeaveApply:2:5004', NULL, '10001', NULL, 1, 0, 1, 0, 0, 1, NULL, '', NULL, '2019-07-05 03:05:50.175', NULL, NULL, 0, 0, 0, 0, 0, 0, 0, 0, 0);
INSERT INTO `act_ru_execution` VALUES ('10002', 1, '10001', NULL, '10001', 'LeaveApply:2:5004', NULL, '10001', 'userTaskStudentLeaveApply', 1, 0, 0, 0, 0, 1, NULL, '', NULL, '2019-07-05 03:05:50.247', NULL, NULL, 0, 0, 0, 0, 0, 0, 0, 0, 0);
INSERT INTO `act_ru_execution` VALUES ('12501', 1, '12501', NULL, NULL, 'LeaveApply:2:5004', NULL, '12501', NULL, 1, 0, 1, 0, 0, 1, NULL, '', NULL, '2019-07-05 03:07:57.411', NULL, NULL, 0, 0, 0, 0, 0, 0, 0, 0, 0);
INSERT INTO `act_ru_execution` VALUES ('12502', 1, '12501', NULL, '12501', 'LeaveApply:2:5004', NULL, '12501', 'userTaskStudentLeaveApply', 1, 0, 0, 0, 0, 1, NULL, '', NULL, '2019-07-05 03:07:57.857', NULL, NULL, 0, 0, 0, 0, 0, 0, 0, 0, 0);
INSERT INTO `act_ru_execution` VALUES ('12507', 1, '12507', NULL, NULL, 'LeaveApply:2:5004', NULL, '12507', NULL, 1, 0, 1, 0, 0, 1, NULL, '', NULL, '2019-07-05 03:08:01.077', NULL, NULL, 0, 0, 0, 0, 0, 0, 0, 0, 0);
INSERT INTO `act_ru_execution` VALUES ('12508', 1, '12507', NULL, '12507', 'LeaveApply:2:5004', NULL, '12507', 'userTaskStudentLeaveApply', 1, 0, 0, 0, 0, 1, NULL, '', NULL, '2019-07-05 03:08:01.077', NULL, NULL, 0, 0, 0, 0, 0, 0, 0, 0, 0);
INSERT INTO `act_ru_execution` VALUES ('12513', 1, '12513', NULL, NULL, 'LeaveApply:2:5004', NULL, '12513', NULL, 1, 0, 1, 0, 0, 1, NULL, '', NULL, '2019-07-05 03:08:10.749', NULL, NULL, 0, 0, 0, 0, 0, 0, 0, 0, 0);
INSERT INTO `act_ru_execution` VALUES ('12514', 1, '12513', NULL, '12513', 'LeaveApply:2:5004', NULL, '12513', 'userTaskStudentLeaveApply', 1, 0, 0, 0, 0, 1, NULL, '', NULL, '2019-07-05 03:08:10.750', NULL, NULL, 0, 0, 0, 0, 0, 0, 0, 0, 0);
INSERT INTO `act_ru_execution` VALUES ('12519', 1, '12519', NULL, NULL, 'LeaveApply:2:5004', NULL, '12519', NULL, 1, 0, 1, 0, 0, 1, NULL, '', NULL, '2019-07-05 03:08:13.818', NULL, NULL, 0, 0, 0, 0, 0, 0, 0, 0, 0);
INSERT INTO `act_ru_execution` VALUES ('12520', 1, '12519', NULL, '12519', 'LeaveApply:2:5004', NULL, '12519', 'userTaskStudentLeaveApply', 1, 0, 0, 0, 0, 1, NULL, '', NULL, '2019-07-05 03:08:13.819', NULL, NULL, 0, 0, 0, 0, 0, 0, 0, 0, 0);
INSERT INTO `act_ru_execution` VALUES ('12525', 1, '12525', NULL, NULL, 'LeaveApply:2:5004', NULL, '12525', NULL, 1, 0, 1, 0, 0, 1, NULL, '', NULL, '2019-07-05 03:08:15.047', NULL, NULL, 0, 0, 0, 0, 0, 0, 0, 0, 0);
INSERT INTO `act_ru_execution` VALUES ('12526', 1, '12525', NULL, '12525', 'LeaveApply:2:5004', NULL, '12525', 'userTaskStudentLeaveApply', 1, 0, 0, 0, 0, 1, NULL, '', NULL, '2019-07-05 03:08:15.048', NULL, NULL, 0, 0, 0, 0, 0, 0, 0, 0, 0);
INSERT INTO `act_ru_execution` VALUES ('12531', 1, '12531', NULL, NULL, 'LeaveApply:2:5004', NULL, '12531', NULL, 1, 0, 1, 0, 0, 1, NULL, '', NULL, '2019-07-05 03:08:15.392', NULL, NULL, 0, 0, 0, 0, 0, 0, 0, 0, 0);
INSERT INTO `act_ru_execution` VALUES ('12532', 1, '12531', NULL, '12531', 'LeaveApply:2:5004', NULL, '12531', 'userTaskStudentLeaveApply', 1, 0, 0, 0, 0, 1, NULL, '', NULL, '2019-07-05 03:08:15.392', NULL, NULL, 0, 0, 0, 0, 0, 0, 0, 0, 0);
INSERT INTO `act_ru_execution` VALUES ('12537', 1, '12537', NULL, NULL, 'LeaveApply:2:5004', NULL, '12537', NULL, 1, 0, 1, 0, 0, 1, NULL, '', NULL, '2019-07-05 03:08:41.340', NULL, NULL, 0, 0, 0, 0, 0, 0, 0, 0, 0);
INSERT INTO `act_ru_execution` VALUES ('12538', 1, '12537', NULL, '12537', 'LeaveApply:2:5004', NULL, '12537', 'userTaskStudentLeaveApply', 1, 0, 0, 0, 0, 1, NULL, '', NULL, '2019-07-05 03:08:41.340', NULL, NULL, 0, 0, 0, 0, 0, 0, 0, 0, 0);
INSERT INTO `act_ru_execution` VALUES ('15001', 1, '15001', NULL, NULL, 'LeaveApply:2:5004', NULL, '15001', NULL, 1, 0, 1, 0, 0, 1, NULL, '', NULL, '2019-07-05 03:09:35.854', NULL, NULL, 0, 0, 0, 0, 0, 0, 0, 0, 0);
INSERT INTO `act_ru_execution` VALUES ('15002', 1, '15001', NULL, '15001', 'LeaveApply:2:5004', NULL, '15001', 'userTaskStudentLeaveApply', 1, 0, 0, 0, 0, 1, NULL, '', NULL, '2019-07-05 03:09:35.925', NULL, NULL, 0, 0, 0, 0, 0, 0, 0, 0, 0);
INSERT INTO `act_ru_execution` VALUES ('15007', 1, '15007', NULL, NULL, 'LeaveApply:2:5004', NULL, '15007', NULL, 1, 0, 1, 0, 0, 1, NULL, '', NULL, '2019-07-05 03:12:52.485', NULL, NULL, 0, 0, 0, 0, 0, 0, 0, 0, 0);
INSERT INTO `act_ru_execution` VALUES ('15008', 1, '15007', NULL, '15007', 'LeaveApply:2:5004', NULL, '15007', 'userTaskStudentLeaveApply', 1, 0, 0, 0, 0, 1, NULL, '', NULL, '2019-07-05 03:12:52.486', NULL, NULL, 0, 0, 0, 0, 0, 0, 0, 0, 0);
INSERT INTO `act_ru_execution` VALUES ('15013', 1, '15013', NULL, NULL, 'LeaveApply:2:5004', NULL, '15013', NULL, 1, 0, 1, 0, 0, 1, NULL, '', NULL, '2019-07-05 03:12:54.539', NULL, NULL, 0, 0, 0, 0, 0, 0, 0, 0, 0);
INSERT INTO `act_ru_execution` VALUES ('15014', 1, '15013', NULL, '15013', 'LeaveApply:2:5004', NULL, '15013', 'userTaskStudentLeaveApply', 1, 0, 0, 0, 0, 1, NULL, '', NULL, '2019-07-05 03:12:54.539', NULL, NULL, 0, 0, 0, 0, 0, 0, 0, 0, 0);
INSERT INTO `act_ru_execution` VALUES ('17501', 1, '17501', NULL, NULL, 'LeaveApply:2:5004', NULL, '17501', NULL, 1, 0, 1, 0, 0, 1, NULL, '', NULL, '2019-07-05 03:13:46.151', NULL, NULL, 0, 0, 0, 0, 0, 0, 0, 0, 0);
INSERT INTO `act_ru_execution` VALUES ('17502', 1, '17501', NULL, '17501', 'LeaveApply:2:5004', NULL, '17501', 'userTaskStudentLeaveApply', 1, 0, 0, 0, 0, 1, NULL, '', NULL, '2019-07-05 03:13:46.216', NULL, NULL, 0, 0, 0, 0, 0, 0, 0, 0, 0);
INSERT INTO `act_ru_execution` VALUES ('17507', 1, '17507', NULL, NULL, 'LeaveApply:2:5004', NULL, '17507', NULL, 1, 0, 1, 0, 0, 1, NULL, '', NULL, '2019-07-05 03:16:17.167', NULL, NULL, 0, 0, 0, 0, 0, 0, 0, 0, 0);
INSERT INTO `act_ru_execution` VALUES ('17508', 1, '17507', NULL, '17507', 'LeaveApply:2:5004', NULL, '17507', 'userTaskStudentLeaveApply', 1, 0, 0, 0, 0, 1, NULL, '', NULL, '2019-07-05 03:16:17.168', NULL, NULL, 0, 0, 0, 0, 0, 0, 0, 0, 0);
INSERT INTO `act_ru_execution` VALUES ('17513', 1, '17513', NULL, NULL, 'LeaveApply:2:5004', NULL, '17513', NULL, 1, 0, 1, 0, 0, 1, NULL, '', NULL, '2019-07-05 03:18:18.109', NULL, NULL, 0, 0, 0, 0, 0, 0, 0, 0, 0);
INSERT INTO `act_ru_execution` VALUES ('17514', 1, '17513', NULL, '17513', 'LeaveApply:2:5004', NULL, '17513', 'userTaskStudentLeaveApply', 1, 0, 0, 0, 0, 1, NULL, '', NULL, '2019-07-05 03:18:18.109', NULL, NULL, 0, 0, 0, 0, 0, 0, 0, 0, 0);
INSERT INTO `act_ru_execution` VALUES ('17519', 1, '17519', NULL, NULL, 'LeaveApply:2:5004', NULL, '17519', NULL, 1, 0, 1, 0, 0, 1, NULL, '', NULL, '2019-07-05 03:18:18.829', NULL, NULL, 0, 0, 0, 0, 0, 0, 0, 0, 0);
INSERT INTO `act_ru_execution` VALUES ('17520', 1, '17519', NULL, '17519', 'LeaveApply:2:5004', NULL, '17519', 'userTaskStudentLeaveApply', 1, 0, 0, 0, 0, 1, NULL, '', NULL, '2019-07-05 03:18:18.829', NULL, NULL, 0, 0, 0, 0, 0, 0, 0, 0, 0);
INSERT INTO `act_ru_execution` VALUES ('17525', 1, '17525', NULL, NULL, 'LeaveApply:2:5004', NULL, '17525', NULL, 1, 0, 1, 0, 0, 1, NULL, '', NULL, '2019-07-05 03:18:19.276', NULL, NULL, 0, 0, 0, 0, 0, 0, 0, 0, 0);
INSERT INTO `act_ru_execution` VALUES ('17526', 1, '17525', NULL, '17525', 'LeaveApply:2:5004', NULL, '17525', 'userTaskStudentLeaveApply', 1, 0, 0, 0, 0, 1, NULL, '', NULL, '2019-07-05 03:18:19.277', NULL, NULL, 0, 0, 0, 0, 0, 0, 0, 0, 0);
INSERT INTO `act_ru_execution` VALUES ('17531', 1, '17531', NULL, NULL, 'LeaveApply:2:5004', NULL, '17531', NULL, 1, 0, 1, 0, 0, 1, NULL, '', NULL, '2019-07-05 03:18:19.479', NULL, NULL, 0, 0, 0, 0, 0, 0, 0, 0, 0);
INSERT INTO `act_ru_execution` VALUES ('17532', 1, '17531', NULL, '17531', 'LeaveApply:2:5004', NULL, '17531', 'userTaskStudentLeaveApply', 1, 0, 0, 0, 0, 1, NULL, '', NULL, '2019-07-05 03:18:19.480', NULL, NULL, 0, 0, 0, 0, 0, 0, 0, 0, 0);
INSERT INTO `act_ru_execution` VALUES ('17537', 1, '17537', NULL, NULL, 'LeaveApply:2:5004', NULL, '17537', NULL, 1, 0, 1, 0, 0, 1, NULL, '', NULL, '2019-07-05 03:18:19.648', NULL, NULL, 0, 0, 0, 0, 0, 0, 0, 0, 0);
INSERT INTO `act_ru_execution` VALUES ('17538', 1, '17537', NULL, '17537', 'LeaveApply:2:5004', NULL, '17537', 'userTaskStudentLeaveApply', 1, 0, 0, 0, 0, 1, NULL, '', NULL, '2019-07-05 03:18:19.649', NULL, NULL, 0, 0, 0, 0, 0, 0, 0, 0, 0);
INSERT INTO `act_ru_execution` VALUES ('17543', 1, '17543', NULL, NULL, 'LeaveApply:2:5004', NULL, '17543', NULL, 1, 0, 1, 0, 0, 1, NULL, '', NULL, '2019-07-05 03:18:19.830', NULL, NULL, 0, 0, 0, 0, 0, 0, 0, 0, 0);
INSERT INTO `act_ru_execution` VALUES ('17544', 1, '17543', NULL, '17543', 'LeaveApply:2:5004', NULL, '17543', 'userTaskStudentLeaveApply', 1, 0, 0, 0, 0, 1, NULL, '', NULL, '2019-07-05 03:18:19.830', NULL, NULL, 0, 0, 0, 0, 0, 0, 0, 0, 0);
INSERT INTO `act_ru_execution` VALUES ('17549', 1, '17549', NULL, NULL, 'LeaveApply:2:5004', NULL, '17549', NULL, 1, 0, 1, 0, 0, 1, NULL, '', NULL, '2019-07-05 03:18:20.026', NULL, NULL, 0, 0, 0, 0, 0, 0, 0, 0, 0);
INSERT INTO `act_ru_execution` VALUES ('17550', 1, '17549', NULL, '17549', 'LeaveApply:2:5004', NULL, '17549', 'userTaskStudentLeaveApply', 1, 0, 0, 0, 0, 1, NULL, '', NULL, '2019-07-05 03:18:20.027', NULL, NULL, 0, 0, 0, 0, 0, 0, 0, 0, 0);
INSERT INTO `act_ru_execution` VALUES ('17555', 1, '17555', NULL, NULL, 'LeaveApply:2:5004', NULL, '17555', NULL, 1, 0, 1, 0, 0, 1, NULL, '', NULL, '2019-07-05 03:18:20.210', NULL, NULL, 0, 0, 0, 0, 0, 0, 0, 0, 0);
INSERT INTO `act_ru_execution` VALUES ('17556', 1, '17555', NULL, '17555', 'LeaveApply:2:5004', NULL, '17555', 'userTaskStudentLeaveApply', 1, 0, 0, 0, 0, 1, NULL, '', NULL, '2019-07-05 03:18:20.210', NULL, NULL, 0, 0, 0, 0, 0, 0, 0, 0, 0);
INSERT INTO `act_ru_execution` VALUES ('17561', 1, '17561', NULL, NULL, 'LeaveApply:2:5004', NULL, '17561', NULL, 1, 0, 1, 0, 0, 1, NULL, '', NULL, '2019-07-05 03:18:20.389', NULL, NULL, 0, 0, 0, 0, 0, 0, 0, 0, 0);
INSERT INTO `act_ru_execution` VALUES ('17562', 1, '17561', NULL, '17561', 'LeaveApply:2:5004', NULL, '17561', 'userTaskStudentLeaveApply', 1, 0, 0, 0, 0, 1, NULL, '', NULL, '2019-07-05 03:18:20.389', NULL, NULL, 0, 0, 0, 0, 0, 0, 0, 0, 0);
INSERT INTO `act_ru_execution` VALUES ('17567', 1, '17567', NULL, NULL, 'LeaveApply:2:5004', NULL, '17567', NULL, 1, 0, 1, 0, 0, 1, NULL, '', NULL, '2019-07-05 03:18:20.584', NULL, NULL, 0, 0, 0, 0, 0, 0, 0, 0, 0);
INSERT INTO `act_ru_execution` VALUES ('17568', 1, '17567', NULL, '17567', 'LeaveApply:2:5004', NULL, '17567', 'userTaskStudentLeaveApply', 1, 0, 0, 0, 0, 1, NULL, '', NULL, '2019-07-05 03:18:20.584', NULL, NULL, 0, 0, 0, 0, 0, 0, 0, 0, 0);
INSERT INTO `act_ru_execution` VALUES ('17573', 1, '17573', NULL, NULL, 'LeaveApply:2:5004', NULL, '17573', NULL, 1, 0, 1, 0, 0, 1, NULL, '', NULL, '2019-07-05 03:18:20.755', NULL, NULL, 0, 0, 0, 0, 0, 0, 0, 0, 0);
INSERT INTO `act_ru_execution` VALUES ('17574', 1, '17573', NULL, '17573', 'LeaveApply:2:5004', NULL, '17573', 'userTaskStudentLeaveApply', 1, 0, 0, 0, 0, 1, NULL, '', NULL, '2019-07-05 03:18:20.755', NULL, NULL, 0, 0, 0, 0, 0, 0, 0, 0, 0);
INSERT INTO `act_ru_execution` VALUES ('17579', 1, '17579', NULL, NULL, 'LeaveApply:2:5004', NULL, '17579', NULL, 1, 0, 1, 0, 0, 1, NULL, '', NULL, '2019-07-05 03:18:20.930', NULL, NULL, 0, 0, 0, 0, 0, 0, 0, 0, 0);
INSERT INTO `act_ru_execution` VALUES ('17580', 1, '17579', NULL, '17579', 'LeaveApply:2:5004', NULL, '17579', 'userTaskStudentLeaveApply', 1, 0, 0, 0, 0, 1, NULL, '', NULL, '2019-07-05 03:18:20.930', NULL, NULL, 0, 0, 0, 0, 0, 0, 0, 0, 0);
INSERT INTO `act_ru_execution` VALUES ('17585', 1, '17585', NULL, NULL, 'LeaveApply:2:5004', NULL, '17585', NULL, 1, 0, 1, 0, 0, 1, NULL, '', NULL, '2019-07-05 03:18:21.119', NULL, NULL, 0, 0, 0, 0, 0, 0, 0, 0, 0);
INSERT INTO `act_ru_execution` VALUES ('17586', 1, '17585', NULL, '17585', 'LeaveApply:2:5004', NULL, '17585', 'userTaskStudentLeaveApply', 1, 0, 0, 0, 0, 1, NULL, '', NULL, '2019-07-05 03:18:21.119', NULL, NULL, 0, 0, 0, 0, 0, 0, 0, 0, 0);
INSERT INTO `act_ru_execution` VALUES ('17591', 1, '17591', NULL, NULL, 'LeaveApply:2:5004', NULL, '17591', NULL, 1, 0, 1, 0, 0, 1, NULL, '', NULL, '2019-07-05 03:18:21.317', NULL, NULL, 0, 0, 0, 0, 0, 0, 0, 0, 0);
INSERT INTO `act_ru_execution` VALUES ('17592', 1, '17591', NULL, '17591', 'LeaveApply:2:5004', NULL, '17591', 'userTaskStudentLeaveApply', 1, 0, 0, 0, 0, 1, NULL, '', NULL, '2019-07-05 03:18:21.317', NULL, NULL, 0, 0, 0, 0, 0, 0, 0, 0, 0);
INSERT INTO `act_ru_execution` VALUES ('17597', 1, '17597', NULL, NULL, 'LeaveApply:2:5004', NULL, '17597', NULL, 1, 0, 1, 0, 0, 1, NULL, '', NULL, '2019-07-05 03:18:21.514', NULL, NULL, 0, 0, 0, 0, 0, 0, 0, 0, 0);
INSERT INTO `act_ru_execution` VALUES ('17598', 1, '17597', NULL, '17597', 'LeaveApply:2:5004', NULL, '17597', 'userTaskStudentLeaveApply', 1, 0, 0, 0, 0, 1, NULL, '', NULL, '2019-07-05 03:18:21.514', NULL, NULL, 0, 0, 0, 0, 0, 0, 0, 0, 0);
INSERT INTO `act_ru_execution` VALUES ('17603', 1, '17603', NULL, NULL, 'LeaveApply:2:5004', NULL, '17603', NULL, 1, 0, 1, 0, 0, 1, NULL, '', NULL, '2019-07-05 03:18:21.679', NULL, NULL, 0, 0, 0, 0, 0, 0, 0, 0, 0);
INSERT INTO `act_ru_execution` VALUES ('17604', 1, '17603', NULL, '17603', 'LeaveApply:2:5004', NULL, '17603', 'userTaskStudentLeaveApply', 1, 0, 0, 0, 0, 1, NULL, '', NULL, '2019-07-05 03:18:21.680', NULL, NULL, 0, 0, 0, 0, 0, 0, 0, 0, 0);
INSERT INTO `act_ru_execution` VALUES ('17609', 1, '17609', NULL, NULL, 'LeaveApply:2:5004', NULL, '17609', NULL, 1, 0, 1, 0, 0, 1, NULL, '', NULL, '2019-07-05 03:22:02.205', NULL, NULL, 0, 0, 0, 0, 0, 0, 0, 0, 0);
INSERT INTO `act_ru_execution` VALUES ('17610', 1, '17609', NULL, '17609', 'LeaveApply:2:5004', NULL, '17609', 'userTaskStudentLeaveApply', 1, 0, 0, 0, 0, 1, NULL, '', NULL, '2019-07-05 03:22:02.205', NULL, NULL, 0, 0, 0, 0, 0, 0, 0, 0, 0);
INSERT INTO `act_ru_execution` VALUES ('17615', 1, '17615', NULL, NULL, 'LeaveApply:2:5004', NULL, '17615', NULL, 1, 0, 1, 0, 0, 1, NULL, '', NULL, '2019-07-05 03:22:26.455', NULL, NULL, 0, 0, 0, 0, 0, 0, 0, 0, 0);
INSERT INTO `act_ru_execution` VALUES ('17616', 1, '17615', NULL, '17615', 'LeaveApply:2:5004', NULL, '17615', 'userTaskStudentLeaveApply', 1, 0, 0, 0, 0, 1, NULL, '', NULL, '2019-07-05 03:22:26.456', NULL, NULL, 0, 0, 0, 0, 0, 0, 0, 0, 0);
INSERT INTO `act_ru_execution` VALUES ('5006', 1, '5006', NULL, NULL, 'LeaveApply2:2:5005', NULL, '5006', NULL, 1, 0, 1, 0, 0, 1, NULL, '', NULL, '2019-07-05 02:51:00.166', NULL, NULL, 0, 0, 0, 0, 0, 0, 0, 0, 0);
INSERT INTO `act_ru_execution` VALUES ('5007', 1, '5006', NULL, '5006', 'LeaveApply2:2:5005', NULL, '5006', 'userTaskStudentLeaveApply', 1, 0, 0, 0, 0, 1, NULL, '', NULL, '2019-07-05 02:51:00.168', NULL, NULL, 0, 0, 0, 0, 0, 0, 0, 0, 0);
INSERT INTO `act_ru_execution` VALUES ('5012', 1, '5012', NULL, NULL, 'LeaveApply:2:5004', NULL, '5012', NULL, 1, 0, 1, 0, 0, 1, NULL, '', NULL, '2019-07-05 02:51:48.171', NULL, NULL, 0, 0, 0, 0, 0, 0, 0, 0, 0);
INSERT INTO `act_ru_execution` VALUES ('5013', 1, '5012', NULL, '5012', 'LeaveApply:2:5004', NULL, '5012', 'userTaskStudentLeaveApply', 1, 0, 0, 0, 0, 1, NULL, '', NULL, '2019-07-05 02:51:48.171', NULL, NULL, 0, 0, 0, 0, 0, 0, 0, 0, 0);
INSERT INTO `act_ru_execution` VALUES ('5018', 1, '5018', NULL, NULL, 'LeaveApply:2:5004', NULL, '5018', NULL, 1, 0, 1, 0, 0, 1, NULL, '', NULL, '2019-07-05 02:52:42.482', NULL, NULL, 0, 0, 0, 0, 0, 0, 0, 0, 0);
INSERT INTO `act_ru_execution` VALUES ('5019', 1, '5018', NULL, '5018', 'LeaveApply:2:5004', NULL, '5018', 'userTaskStudentLeaveApply', 1, 0, 0, 0, 0, 1, NULL, '', NULL, '2019-07-05 02:52:42.482', NULL, NULL, 0, 0, 0, 0, 0, 0, 0, 0, 0);
INSERT INTO `act_ru_execution` VALUES ('5024', 1, '5024', NULL, NULL, 'LeaveApply:2:5004', NULL, '5024', NULL, 1, 0, 1, 0, 0, 1, NULL, '', NULL, '2019-07-05 02:52:45.910', NULL, NULL, 0, 0, 0, 0, 0, 0, 0, 0, 0);
INSERT INTO `act_ru_execution` VALUES ('5025', 1, '5024', NULL, '5024', 'LeaveApply:2:5004', NULL, '5024', 'userTaskStudentLeaveApply', 1, 0, 0, 0, 0, 1, NULL, '', NULL, '2019-07-05 02:52:45.910', NULL, NULL, 0, 0, 0, 0, 0, 0, 0, 0, 0);
INSERT INTO `act_ru_execution` VALUES ('5030', 1, '5030', NULL, NULL, 'LeaveApply:2:5004', NULL, '5030', NULL, 1, 0, 1, 0, 0, 1, NULL, '', NULL, '2019-07-05 02:53:09.089', NULL, NULL, 0, 0, 0, 0, 0, 0, 0, 0, 0);
INSERT INTO `act_ru_execution` VALUES ('5031', 1, '5030', NULL, '5030', 'LeaveApply:2:5004', NULL, '5030', 'userTaskStudentLeaveApply', 1, 0, 0, 0, 0, 1, NULL, '', NULL, '2019-07-05 02:53:09.090', NULL, NULL, 0, 0, 0, 0, 0, 0, 0, 0, 0);
INSERT INTO `act_ru_execution` VALUES ('5036', 1, '5036', NULL, NULL, 'LeaveApply:2:5004', NULL, '5036', NULL, 1, 0, 1, 0, 0, 1, NULL, '', NULL, '2019-07-05 02:53:09.380', NULL, NULL, 0, 0, 0, 0, 0, 0, 0, 0, 0);
INSERT INTO `act_ru_execution` VALUES ('5037', 1, '5036', NULL, '5036', 'LeaveApply:2:5004', NULL, '5036', 'userTaskStudentLeaveApply', 1, 0, 0, 0, 0, 1, NULL, '', NULL, '2019-07-05 02:53:09.380', NULL, NULL, 0, 0, 0, 0, 0, 0, 0, 0, 0);
INSERT INTO `act_ru_execution` VALUES ('5042', 1, '5042', NULL, NULL, 'LeaveApply:2:5004', NULL, '5042', NULL, 1, 0, 1, 0, 0, 1, NULL, '', NULL, '2019-07-05 02:53:19.161', NULL, NULL, 0, 0, 0, 0, 0, 0, 0, 0, 0);
INSERT INTO `act_ru_execution` VALUES ('5043', 1, '5042', NULL, '5042', 'LeaveApply:2:5004', NULL, '5042', 'userTaskStudentLeaveApply', 1, 0, 0, 0, 0, 1, NULL, '', NULL, '2019-07-05 02:53:19.161', NULL, NULL, 0, 0, 0, 0, 0, 0, 0, 0, 0);
INSERT INTO `act_ru_execution` VALUES ('5048', 1, '5048', NULL, NULL, 'LeaveApply:2:5004', NULL, '5048', NULL, 1, 0, 1, 0, 0, 1, NULL, '', NULL, '2019-07-05 02:54:07.541', NULL, NULL, 0, 0, 0, 0, 0, 0, 0, 0, 0);
INSERT INTO `act_ru_execution` VALUES ('5049', 1, '5048', NULL, '5048', 'LeaveApply:2:5004', NULL, '5048', 'userTaskStudentLeaveApply', 1, 0, 0, 0, 0, 1, NULL, '', NULL, '2019-07-05 02:54:07.541', NULL, NULL, 0, 0, 0, 0, 0, 0, 0, 0, 0);
INSERT INTO `act_ru_execution` VALUES ('5054', 1, '5054', NULL, NULL, 'LeaveApply:2:5004', NULL, '5054', NULL, 1, 0, 1, 0, 0, 1, NULL, '', NULL, '2019-07-05 02:54:12.296', NULL, NULL, 0, 0, 0, 0, 0, 0, 0, 0, 0);
INSERT INTO `act_ru_execution` VALUES ('5055', 1, '5054', NULL, '5054', 'LeaveApply:2:5004', NULL, '5054', 'userTaskStudentLeaveApply', 1, 0, 0, 0, 0, 1, NULL, '', NULL, '2019-07-05 02:54:12.296', NULL, NULL, 0, 0, 0, 0, 0, 0, 0, 0, 0);
INSERT INTO `act_ru_execution` VALUES ('7501', 1, '7501', NULL, NULL, 'LeaveApply:2:5004', NULL, '7501', NULL, 1, 0, 1, 0, 0, 1, NULL, '', NULL, '2019-07-05 02:59:30.013', NULL, NULL, 0, 0, 0, 0, 0, 0, 0, 0, 0);
INSERT INTO `act_ru_execution` VALUES ('7502', 1, '7501', NULL, '7501', 'LeaveApply:2:5004', NULL, '7501', 'userTaskStudentLeaveApply', 1, 0, 0, 0, 0, 1, NULL, '', NULL, '2019-07-05 02:59:30.553', NULL, NULL, 0, 0, 0, 0, 0, 0, 0, 0, 0);
INSERT INTO `act_ru_execution` VALUES ('7507', 1, '7507', NULL, NULL, 'LeaveApply:2:5004', NULL, '7507', NULL, 1, 0, 1, 0, 0, 1, NULL, '', NULL, '2019-07-05 02:59:33.857', NULL, NULL, 0, 0, 0, 0, 0, 0, 0, 0, 0);
INSERT INTO `act_ru_execution` VALUES ('7508', 1, '7507', NULL, '7507', 'LeaveApply:2:5004', NULL, '7507', 'userTaskStudentLeaveApply', 1, 0, 0, 0, 0, 1, NULL, '', NULL, '2019-07-05 02:59:33.857', NULL, NULL, 0, 0, 0, 0, 0, 0, 0, 0, 0);
INSERT INTO `act_ru_execution` VALUES ('7513', 1, '7513', NULL, NULL, 'LeaveApply:2:5004', NULL, '7513', NULL, 1, 0, 1, 0, 0, 1, NULL, '', NULL, '2019-07-05 02:59:34.643', NULL, NULL, 0, 0, 0, 0, 0, 0, 0, 0, 0);
INSERT INTO `act_ru_execution` VALUES ('7514', 1, '7513', NULL, '7513', 'LeaveApply:2:5004', NULL, '7513', 'userTaskStudentLeaveApply', 1, 0, 0, 0, 0, 1, NULL, '', NULL, '2019-07-05 02:59:34.644', NULL, NULL, 0, 0, 0, 0, 0, 0, 0, 0, 0);
INSERT INTO `act_ru_execution` VALUES ('7519', 1, '7519', NULL, NULL, 'LeaveApply:2:5004', NULL, '7519', NULL, 1, 0, 1, 0, 0, 1, NULL, '', NULL, '2019-07-05 02:59:34.942', NULL, NULL, 0, 0, 0, 0, 0, 0, 0, 0, 0);
INSERT INTO `act_ru_execution` VALUES ('7520', 1, '7519', NULL, '7519', 'LeaveApply:2:5004', NULL, '7519', 'userTaskStudentLeaveApply', 1, 0, 0, 0, 0, 1, NULL, '', NULL, '2019-07-05 02:59:34.942', NULL, NULL, 0, 0, 0, 0, 0, 0, 0, 0, 0);
INSERT INTO `act_ru_execution` VALUES ('7525', 1, '7525', NULL, NULL, 'LeaveApply:2:5004', NULL, '7525', NULL, 1, 0, 1, 0, 0, 1, NULL, '', NULL, '2019-07-05 03:00:27.347', NULL, NULL, 0, 0, 0, 0, 0, 0, 0, 0, 0);
INSERT INTO `act_ru_execution` VALUES ('7526', 1, '7525', NULL, '7525', 'LeaveApply:2:5004', NULL, '7525', 'userTaskStudentLeaveApply', 1, 0, 0, 0, 0, 1, NULL, '', NULL, '2019-07-05 03:00:27.348', NULL, NULL, 0, 0, 0, 0, 0, 0, 0, 0, 0);
INSERT INTO `act_ru_execution` VALUES ('7531', 1, '7531', NULL, NULL, 'LeaveApply:2:5004', NULL, '7531', NULL, 1, 0, 1, 0, 0, 1, NULL, '', NULL, '2019-07-05 03:01:08.536', NULL, NULL, 0, 0, 0, 0, 0, 0, 0, 0, 0);
INSERT INTO `act_ru_execution` VALUES ('7532', 1, '7531', NULL, '7531', 'LeaveApply:2:5004', NULL, '7531', 'userTaskStudentLeaveApply', 1, 0, 0, 0, 0, 1, NULL, '', NULL, '2019-07-05 03:01:08.536', NULL, NULL, 0, 0, 0, 0, 0, 0, 0, 0, 0);
INSERT INTO `act_ru_execution` VALUES ('7537', 1, '7537', NULL, NULL, 'LeaveApply:2:5004', NULL, '7537', NULL, 1, 0, 1, 0, 0, 1, NULL, '', NULL, '2019-07-05 03:02:31.131', NULL, NULL, 0, 0, 0, 0, 0, 0, 0, 0, 0);
INSERT INTO `act_ru_execution` VALUES ('7538', 1, '7537', NULL, '7537', 'LeaveApply:2:5004', NULL, '7537', 'userTaskStudentLeaveApply', 1, 0, 0, 0, 0, 1, NULL, '', NULL, '2019-07-05 03:02:31.131', NULL, NULL, 0, 0, 0, 0, 0, 0, 0, 0, 0);

-- ----------------------------
-- Table structure for act_ru_identitylink
-- ----------------------------
DROP TABLE IF EXISTS `act_ru_identitylink`;
CREATE TABLE `act_ru_identitylink`  (
  `ID_` varchar(64) CHARACTER SET utf8 COLLATE utf8_bin NOT NULL,
  `REV_` int(11) NULL DEFAULT NULL,
  `GROUP_ID_` varchar(255) CHARACTER SET utf8 COLLATE utf8_bin NULL DEFAULT NULL,
  `TYPE_` varchar(255) CHARACTER SET utf8 COLLATE utf8_bin NULL DEFAULT NULL,
  `USER_ID_` varchar(255) CHARACTER SET utf8 COLLATE utf8_bin NULL DEFAULT NULL,
  `TASK_ID_` varchar(64) CHARACTER SET utf8 COLLATE utf8_bin NULL DEFAULT NULL,
  `PROC_INST_ID_` varchar(64) CHARACTER SET utf8 COLLATE utf8_bin NULL DEFAULT NULL,
  `PROC_DEF_ID_` varchar(64) CHARACTER SET utf8 COLLATE utf8_bin NULL DEFAULT NULL,
  PRIMARY KEY (`ID_`) USING BTREE,
  INDEX `ACT_IDX_IDENT_LNK_USER`(`USER_ID_`) USING BTREE,
  INDEX `ACT_IDX_IDENT_LNK_GROUP`(`GROUP_ID_`) USING BTREE,
  INDEX `ACT_IDX_ATHRZ_PROCEDEF`(`PROC_DEF_ID_`) USING BTREE,
  INDEX `ACT_FK_TSKASS_TASK`(`TASK_ID_`) USING BTREE,
  INDEX `ACT_FK_IDL_PROCINST`(`PROC_INST_ID_`) USING BTREE,
  CONSTRAINT `ACT_FK_ATHRZ_PROCEDEF` FOREIGN KEY (`PROC_DEF_ID_`) REFERENCES `act_re_procdef` (`ID_`) ON DELETE RESTRICT ON UPDATE RESTRICT,
  CONSTRAINT `ACT_FK_IDL_PROCINST` FOREIGN KEY (`PROC_INST_ID_`) REFERENCES `act_ru_execution` (`ID_`) ON DELETE RESTRICT ON UPDATE RESTRICT,
  CONSTRAINT `ACT_FK_TSKASS_TASK` FOREIGN KEY (`TASK_ID_`) REFERENCES `act_ru_task` (`ID_`) ON DELETE RESTRICT ON UPDATE RESTRICT
) ENGINE = InnoDB CHARACTER SET = utf8 COLLATE = utf8_bin ROW_FORMAT = Dynamic;

-- ----------------------------
-- Records of act_ru_identitylink
-- ----------------------------
INSERT INTO `act_ru_identitylink` VALUES ('10006', 1, 'student', 'candidate', NULL, '10005', NULL, NULL);
INSERT INTO `act_ru_identitylink` VALUES ('12506', 1, 'student', 'candidate', NULL, '12505', NULL, NULL);
INSERT INTO `act_ru_identitylink` VALUES ('12512', 1, 'student', 'candidate', NULL, '12511', NULL, NULL);
INSERT INTO `act_ru_identitylink` VALUES ('12518', 1, 'student', 'candidate', NULL, '12517', NULL, NULL);
INSERT INTO `act_ru_identitylink` VALUES ('12524', 1, 'student', 'candidate', NULL, '12523', NULL, NULL);
INSERT INTO `act_ru_identitylink` VALUES ('12530', 1, 'student', 'candidate', NULL, '12529', NULL, NULL);
INSERT INTO `act_ru_identitylink` VALUES ('12536', 1, 'student', 'candidate', NULL, '12535', NULL, NULL);
INSERT INTO `act_ru_identitylink` VALUES ('12542', 1, 'student', 'candidate', NULL, '12541', NULL, NULL);
INSERT INTO `act_ru_identitylink` VALUES ('15006', 1, 'student', 'candidate', NULL, '15005', NULL, NULL);
INSERT INTO `act_ru_identitylink` VALUES ('15012', 1, 'student', 'candidate', NULL, '15011', NULL, NULL);
INSERT INTO `act_ru_identitylink` VALUES ('15018', 1, 'student', 'candidate', NULL, '15017', NULL, NULL);
INSERT INTO `act_ru_identitylink` VALUES ('17506', 1, 'student', 'candidate', NULL, '17505', NULL, NULL);
INSERT INTO `act_ru_identitylink` VALUES ('17512', 1, 'student', 'candidate', NULL, '17511', NULL, NULL);
INSERT INTO `act_ru_identitylink` VALUES ('17518', 1, 'student', 'candidate', NULL, '17517', NULL, NULL);
INSERT INTO `act_ru_identitylink` VALUES ('17524', 1, 'student', 'candidate', NULL, '17523', NULL, NULL);
INSERT INTO `act_ru_identitylink` VALUES ('17530', 1, 'student', 'candidate', NULL, '17529', NULL, NULL);
INSERT INTO `act_ru_identitylink` VALUES ('17536', 1, 'student', 'candidate', NULL, '17535', NULL, NULL);
INSERT INTO `act_ru_identitylink` VALUES ('17542', 1, 'student', 'candidate', NULL, '17541', NULL, NULL);
INSERT INTO `act_ru_identitylink` VALUES ('17548', 1, 'student', 'candidate', NULL, '17547', NULL, NULL);
INSERT INTO `act_ru_identitylink` VALUES ('17554', 1, 'student', 'candidate', NULL, '17553', NULL, NULL);
INSERT INTO `act_ru_identitylink` VALUES ('17560', 1, 'student', 'candidate', NULL, '17559', NULL, NULL);
INSERT INTO `act_ru_identitylink` VALUES ('17566', 1, 'student', 'candidate', NULL, '17565', NULL, NULL);
INSERT INTO `act_ru_identitylink` VALUES ('17572', 1, 'student', 'candidate', NULL, '17571', NULL, NULL);
INSERT INTO `act_ru_identitylink` VALUES ('17578', 1, 'student', 'candidate', NULL, '17577', NULL, NULL);
INSERT INTO `act_ru_identitylink` VALUES ('17584', 1, 'student', 'candidate', NULL, '17583', NULL, NULL);
INSERT INTO `act_ru_identitylink` VALUES ('17590', 1, 'student', 'candidate', NULL, '17589', NULL, NULL);
INSERT INTO `act_ru_identitylink` VALUES ('17596', 1, 'student', 'candidate', NULL, '17595', NULL, NULL);
INSERT INTO `act_ru_identitylink` VALUES ('17602', 1, 'student', 'candidate', NULL, '17601', NULL, NULL);
INSERT INTO `act_ru_identitylink` VALUES ('17608', 1, 'student', 'candidate', NULL, '17607', NULL, NULL);
INSERT INTO `act_ru_identitylink` VALUES ('17614', 1, 'student', 'candidate', NULL, '17613', NULL, NULL);
INSERT INTO `act_ru_identitylink` VALUES ('17620', 1, 'student', 'candidate', NULL, '17619', NULL, NULL);
INSERT INTO `act_ru_identitylink` VALUES ('5011', 1, 'student', 'candidate', NULL, '5010', NULL, NULL);
INSERT INTO `act_ru_identitylink` VALUES ('5017', 1, 'student', 'candidate', NULL, '5016', NULL, NULL);
INSERT INTO `act_ru_identitylink` VALUES ('5023', 1, 'student', 'candidate', NULL, '5022', NULL, NULL);
INSERT INTO `act_ru_identitylink` VALUES ('5029', 1, 'student', 'candidate', NULL, '5028', NULL, NULL);
INSERT INTO `act_ru_identitylink` VALUES ('5035', 1, 'student', 'candidate', NULL, '5034', NULL, NULL);
INSERT INTO `act_ru_identitylink` VALUES ('5041', 1, 'student', 'candidate', NULL, '5040', NULL, NULL);
INSERT INTO `act_ru_identitylink` VALUES ('5047', 1, 'student', 'candidate', NULL, '5046', NULL, NULL);
INSERT INTO `act_ru_identitylink` VALUES ('5053', 1, 'student', 'candidate', NULL, '5052', NULL, NULL);
INSERT INTO `act_ru_identitylink` VALUES ('5059', 1, 'student', 'candidate', NULL, '5058', NULL, NULL);
INSERT INTO `act_ru_identitylink` VALUES ('7506', 1, 'student', 'candidate', NULL, '7505', NULL, NULL);
INSERT INTO `act_ru_identitylink` VALUES ('7512', 1, 'student', 'candidate', NULL, '7511', NULL, NULL);
INSERT INTO `act_ru_identitylink` VALUES ('7518', 1, 'student', 'candidate', NULL, '7517', NULL, NULL);
INSERT INTO `act_ru_identitylink` VALUES ('7524', 1, 'student', 'candidate', NULL, '7523', NULL, NULL);
INSERT INTO `act_ru_identitylink` VALUES ('7530', 1, 'student', 'candidate', NULL, '7529', NULL, NULL);
INSERT INTO `act_ru_identitylink` VALUES ('7536', 1, 'student', 'candidate', NULL, '7535', NULL, NULL);
INSERT INTO `act_ru_identitylink` VALUES ('7542', 1, 'student', 'candidate', NULL, '7541', NULL, NULL);

-- ----------------------------
-- Table structure for act_ru_integration
-- ----------------------------
DROP TABLE IF EXISTS `act_ru_integration`;
CREATE TABLE `act_ru_integration`  (
  `ID_` varchar(64) CHARACTER SET utf8 COLLATE utf8_bin NOT NULL,
  `EXECUTION_ID_` varchar(64) CHARACTER SET utf8 COLLATE utf8_bin NULL DEFAULT NULL,
  `PROCESS_INSTANCE_ID_` varchar(64) CHARACTER SET utf8 COLLATE utf8_bin NULL DEFAULT NULL,
  `PROC_DEF_ID_` varchar(64) CHARACTER SET utf8 COLLATE utf8_bin NULL DEFAULT NULL,
  `FLOW_NODE_ID_` varchar(64) CHARACTER SET utf8 COLLATE utf8_bin NULL DEFAULT NULL,
  `CREATED_DATE_` timestamp(3) NULL DEFAULT NULL,
  PRIMARY KEY (`ID_`) USING BTREE,
  INDEX `ACT_FK_INT_EXECUTION`(`EXECUTION_ID_`) USING BTREE,
  INDEX `ACT_FK_INT_PROC_INST`(`PROCESS_INSTANCE_ID_`) USING BTREE,
  INDEX `ACT_FK_INT_PROC_DEF`(`PROC_DEF_ID_`) USING BTREE,
  CONSTRAINT `ACT_FK_INT_EXECUTION` FOREIGN KEY (`EXECUTION_ID_`) REFERENCES `act_ru_execution` (`ID_`) ON DELETE CASCADE ON UPDATE RESTRICT,
  CONSTRAINT `ACT_FK_INT_PROC_DEF` FOREIGN KEY (`PROC_DEF_ID_`) REFERENCES `act_re_procdef` (`ID_`) ON DELETE RESTRICT ON UPDATE RESTRICT,
  CONSTRAINT `ACT_FK_INT_PROC_INST` FOREIGN KEY (`PROCESS_INSTANCE_ID_`) REFERENCES `act_ru_execution` (`ID_`) ON DELETE RESTRICT ON UPDATE RESTRICT
) ENGINE = InnoDB CHARACTER SET = utf8 COLLATE = utf8_bin ROW_FORMAT = Dynamic;

-- ----------------------------
-- Table structure for act_ru_job
-- ----------------------------
DROP TABLE IF EXISTS `act_ru_job`;
CREATE TABLE `act_ru_job`  (
  `ID_` varchar(64) CHARACTER SET utf8 COLLATE utf8_bin NOT NULL,
  `REV_` int(11) NULL DEFAULT NULL,
  `TYPE_` varchar(255) CHARACTER SET utf8 COLLATE utf8_bin NOT NULL,
  `LOCK_EXP_TIME_` timestamp(3) NULL DEFAULT NULL,
  `LOCK_OWNER_` varchar(255) CHARACTER SET utf8 COLLATE utf8_bin NULL DEFAULT NULL,
  `EXCLUSIVE_` tinyint(1) NULL DEFAULT NULL,
  `EXECUTION_ID_` varchar(64) CHARACTER SET utf8 COLLATE utf8_bin NULL DEFAULT NULL,
  `PROCESS_INSTANCE_ID_` varchar(64) CHARACTER SET utf8 COLLATE utf8_bin NULL DEFAULT NULL,
  `PROC_DEF_ID_` varchar(64) CHARACTER SET utf8 COLLATE utf8_bin NULL DEFAULT NULL,
  `RETRIES_` int(11) NULL DEFAULT NULL,
  `EXCEPTION_STACK_ID_` varchar(64) CHARACTER SET utf8 COLLATE utf8_bin NULL DEFAULT NULL,
  `EXCEPTION_MSG_` varchar(4000) CHARACTER SET utf8 COLLATE utf8_bin NULL DEFAULT NULL,
  `DUEDATE_` timestamp(3) NULL DEFAULT NULL,
  `REPEAT_` varchar(255) CHARACTER SET utf8 COLLATE utf8_bin NULL DEFAULT NULL,
  `HANDLER_TYPE_` varchar(255) CHARACTER SET utf8 COLLATE utf8_bin NULL DEFAULT NULL,
  `HANDLER_CFG_` varchar(4000) CHARACTER SET utf8 COLLATE utf8_bin NULL DEFAULT NULL,
  `TENANT_ID_` varchar(255) CHARACTER SET utf8 COLLATE utf8_bin NULL DEFAULT '',
  PRIMARY KEY (`ID_`) USING BTREE,
  INDEX `ACT_FK_JOB_EXECUTION`(`EXECUTION_ID_`) USING BTREE,
  INDEX `ACT_FK_JOB_PROCESS_INSTANCE`(`PROCESS_INSTANCE_ID_`) USING BTREE,
  INDEX `ACT_FK_JOB_PROC_DEF`(`PROC_DEF_ID_`) USING BTREE,
  INDEX `ACT_FK_JOB_EXCEPTION`(`EXCEPTION_STACK_ID_`) USING BTREE,
  CONSTRAINT `ACT_FK_JOB_EXCEPTION` FOREIGN KEY (`EXCEPTION_STACK_ID_`) REFERENCES `act_ge_bytearray` (`ID_`) ON DELETE RESTRICT ON UPDATE RESTRICT,
  CONSTRAINT `ACT_FK_JOB_EXECUTION` FOREIGN KEY (`EXECUTION_ID_`) REFERENCES `act_ru_execution` (`ID_`) ON DELETE RESTRICT ON UPDATE RESTRICT,
  CONSTRAINT `ACT_FK_JOB_PROCESS_INSTANCE` FOREIGN KEY (`PROCESS_INSTANCE_ID_`) REFERENCES `act_ru_execution` (`ID_`) ON DELETE RESTRICT ON UPDATE RESTRICT,
  CONSTRAINT `ACT_FK_JOB_PROC_DEF` FOREIGN KEY (`PROC_DEF_ID_`) REFERENCES `act_re_procdef` (`ID_`) ON DELETE RESTRICT ON UPDATE RESTRICT
) ENGINE = InnoDB CHARACTER SET = utf8 COLLATE = utf8_bin ROW_FORMAT = Dynamic;

-- ----------------------------
-- Table structure for act_ru_suspended_job
-- ----------------------------
DROP TABLE IF EXISTS `act_ru_suspended_job`;
CREATE TABLE `act_ru_suspended_job`  (
  `ID_` varchar(64) CHARACTER SET utf8 COLLATE utf8_bin NOT NULL,
  `REV_` int(11) NULL DEFAULT NULL,
  `TYPE_` varchar(255) CHARACTER SET utf8 COLLATE utf8_bin NOT NULL,
  `EXCLUSIVE_` tinyint(1) NULL DEFAULT NULL,
  `EXECUTION_ID_` varchar(64) CHARACTER SET utf8 COLLATE utf8_bin NULL DEFAULT NULL,
  `PROCESS_INSTANCE_ID_` varchar(64) CHARACTER SET utf8 COLLATE utf8_bin NULL DEFAULT NULL,
  `PROC_DEF_ID_` varchar(64) CHARACTER SET utf8 COLLATE utf8_bin NULL DEFAULT NULL,
  `RETRIES_` int(11) NULL DEFAULT NULL,
  `EXCEPTION_STACK_ID_` varchar(64) CHARACTER SET utf8 COLLATE utf8_bin NULL DEFAULT NULL,
  `EXCEPTION_MSG_` varchar(4000) CHARACTER SET utf8 COLLATE utf8_bin NULL DEFAULT NULL,
  `DUEDATE_` timestamp(3) NULL DEFAULT NULL,
  `REPEAT_` varchar(255) CHARACTER SET utf8 COLLATE utf8_bin NULL DEFAULT NULL,
  `HANDLER_TYPE_` varchar(255) CHARACTER SET utf8 COLLATE utf8_bin NULL DEFAULT NULL,
  `HANDLER_CFG_` varchar(4000) CHARACTER SET utf8 COLLATE utf8_bin NULL DEFAULT NULL,
  `TENANT_ID_` varchar(255) CHARACTER SET utf8 COLLATE utf8_bin NULL DEFAULT '',
  PRIMARY KEY (`ID_`) USING BTREE,
  INDEX `ACT_FK_SUSPENDED_JOB_EXECUTION`(`EXECUTION_ID_`) USING BTREE,
  INDEX `ACT_FK_SUSPENDED_JOB_PROCESS_INSTANCE`(`PROCESS_INSTANCE_ID_`) USING BTREE,
  INDEX `ACT_FK_SUSPENDED_JOB_PROC_DEF`(`PROC_DEF_ID_`) USING BTREE,
  INDEX `ACT_FK_SUSPENDED_JOB_EXCEPTION`(`EXCEPTION_STACK_ID_`) USING BTREE,
  CONSTRAINT `ACT_FK_SUSPENDED_JOB_EXCEPTION` FOREIGN KEY (`EXCEPTION_STACK_ID_`) REFERENCES `act_ge_bytearray` (`ID_`) ON DELETE RESTRICT ON UPDATE RESTRICT,
  CONSTRAINT `ACT_FK_SUSPENDED_JOB_EXECUTION` FOREIGN KEY (`EXECUTION_ID_`) REFERENCES `act_ru_execution` (`ID_`) ON DELETE RESTRICT ON UPDATE RESTRICT,
  CONSTRAINT `ACT_FK_SUSPENDED_JOB_PROCESS_INSTANCE` FOREIGN KEY (`PROCESS_INSTANCE_ID_`) REFERENCES `act_ru_execution` (`ID_`) ON DELETE RESTRICT ON UPDATE RESTRICT,
  CONSTRAINT `ACT_FK_SUSPENDED_JOB_PROC_DEF` FOREIGN KEY (`PROC_DEF_ID_`) REFERENCES `act_re_procdef` (`ID_`) ON DELETE RESTRICT ON UPDATE RESTRICT
) ENGINE = InnoDB CHARACTER SET = utf8 COLLATE = utf8_bin ROW_FORMAT = Dynamic;

-- ----------------------------
-- Table structure for act_ru_task
-- ----------------------------
DROP TABLE IF EXISTS `act_ru_task`;
CREATE TABLE `act_ru_task`  (
  `ID_` varchar(64) CHARACTER SET utf8 COLLATE utf8_bin NOT NULL,
  `REV_` int(11) NULL DEFAULT NULL,
  `EXECUTION_ID_` varchar(64) CHARACTER SET utf8 COLLATE utf8_bin NULL DEFAULT NULL,
  `PROC_INST_ID_` varchar(64) CHARACTER SET utf8 COLLATE utf8_bin NULL DEFAULT NULL,
  `PROC_DEF_ID_` varchar(64) CHARACTER SET utf8 COLLATE utf8_bin NULL DEFAULT NULL,
  `NAME_` varchar(255) CHARACTER SET utf8 COLLATE utf8_bin NULL DEFAULT NULL,
  `PARENT_TASK_ID_` varchar(64) CHARACTER SET utf8 COLLATE utf8_bin NULL DEFAULT NULL,
  `DESCRIPTION_` varchar(4000) CHARACTER SET utf8 COLLATE utf8_bin NULL DEFAULT NULL,
  `TASK_DEF_KEY_` varchar(255) CHARACTER SET utf8 COLLATE utf8_bin NULL DEFAULT NULL,
  `OWNER_` varchar(255) CHARACTER SET utf8 COLLATE utf8_bin NULL DEFAULT NULL,
  `ASSIGNEE_` varchar(255) CHARACTER SET utf8 COLLATE utf8_bin NULL DEFAULT NULL,
  `DELEGATION_` varchar(64) CHARACTER SET utf8 COLLATE utf8_bin NULL DEFAULT NULL,
  `PRIORITY_` int(11) NULL DEFAULT NULL,
  `CREATE_TIME_` timestamp(3) NULL DEFAULT NULL,
  `DUE_DATE_` datetime(3) NULL DEFAULT NULL,
  `CATEGORY_` varchar(255) CHARACTER SET utf8 COLLATE utf8_bin NULL DEFAULT NULL,
  `SUSPENSION_STATE_` int(11) NULL DEFAULT NULL,
  `TENANT_ID_` varchar(255) CHARACTER SET utf8 COLLATE utf8_bin NULL DEFAULT '',
  `FORM_KEY_` varchar(255) CHARACTER SET utf8 COLLATE utf8_bin NULL DEFAULT NULL,
  `CLAIM_TIME_` datetime(3) NULL DEFAULT NULL,
  PRIMARY KEY (`ID_`) USING BTREE,
  INDEX `ACT_IDX_TASK_CREATE`(`CREATE_TIME_`) USING BTREE,
  INDEX `ACT_FK_TASK_EXE`(`EXECUTION_ID_`) USING BTREE,
  INDEX `ACT_FK_TASK_PROCINST`(`PROC_INST_ID_`) USING BTREE,
  INDEX `ACT_FK_TASK_PROCDEF`(`PROC_DEF_ID_`) USING BTREE,
  CONSTRAINT `ACT_FK_TASK_EXE` FOREIGN KEY (`EXECUTION_ID_`) REFERENCES `act_ru_execution` (`ID_`) ON DELETE RESTRICT ON UPDATE RESTRICT,
  CONSTRAINT `ACT_FK_TASK_PROCDEF` FOREIGN KEY (`PROC_DEF_ID_`) REFERENCES `act_re_procdef` (`ID_`) ON DELETE RESTRICT ON UPDATE RESTRICT,
  CONSTRAINT `ACT_FK_TASK_PROCINST` FOREIGN KEY (`PROC_INST_ID_`) REFERENCES `act_ru_execution` (`ID_`) ON DELETE RESTRICT ON UPDATE RESTRICT
) ENGINE = InnoDB CHARACTER SET = utf8 COLLATE = utf8_bin ROW_FORMAT = Dynamic;

-- ----------------------------
-- Records of act_ru_task
-- ----------------------------
INSERT INTO `act_ru_task` VALUES ('10005', 1, '10002', '10001', 'LeaveApply:2:5004', '', NULL, '', 'userTaskStudentLeaveApply', NULL, NULL, NULL, 50, '2019-07-05 03:05:50.263', NULL, NULL, 1, '', NULL, NULL);
INSERT INTO `act_ru_task` VALUES ('12505', 1, '12502', '12501', 'LeaveApply:2:5004', '', NULL, '', 'userTaskStudentLeaveApply', NULL, NULL, NULL, 50, '2019-07-05 03:07:57.871', NULL, NULL, 1, '', NULL, NULL);
INSERT INTO `act_ru_task` VALUES ('12511', 1, '12508', '12507', 'LeaveApply:2:5004', '', NULL, '', 'userTaskStudentLeaveApply', NULL, NULL, NULL, 50, '2019-07-05 03:08:01.080', NULL, NULL, 1, '', NULL, NULL);
INSERT INTO `act_ru_task` VALUES ('12517', 1, '12514', '12513', 'LeaveApply:2:5004', '', NULL, '', 'userTaskStudentLeaveApply', NULL, NULL, NULL, 50, '2019-07-05 03:08:10.754', NULL, NULL, 1, '', NULL, NULL);
INSERT INTO `act_ru_task` VALUES ('12523', 1, '12520', '12519', 'LeaveApply:2:5004', '', NULL, '', 'userTaskStudentLeaveApply', NULL, NULL, NULL, 50, '2019-07-05 03:08:13.823', NULL, NULL, 1, '', NULL, NULL);
INSERT INTO `act_ru_task` VALUES ('12529', 1, '12526', '12525', 'LeaveApply:2:5004', '', NULL, '', 'userTaskStudentLeaveApply', NULL, NULL, NULL, 50, '2019-07-05 03:08:15.061', NULL, NULL, 1, '', NULL, NULL);
INSERT INTO `act_ru_task` VALUES ('12535', 1, '12532', '12531', 'LeaveApply:2:5004', '', NULL, '', 'userTaskStudentLeaveApply', NULL, NULL, NULL, 50, '2019-07-05 03:08:15.395', NULL, NULL, 1, '', NULL, NULL);
INSERT INTO `act_ru_task` VALUES ('12541', 1, '12538', '12537', 'LeaveApply:2:5004', '', NULL, '', 'userTaskStudentLeaveApply', NULL, NULL, NULL, 50, '2019-07-05 03:08:41.344', NULL, NULL, 1, '', NULL, NULL);
INSERT INTO `act_ru_task` VALUES ('15005', 1, '15002', '15001', 'LeaveApply:2:5004', '', NULL, '', 'userTaskStudentLeaveApply', NULL, NULL, NULL, 50, '2019-07-05 03:09:35.940', NULL, NULL, 1, '', NULL, NULL);
INSERT INTO `act_ru_task` VALUES ('15011', 1, '15008', '15007', 'LeaveApply:2:5004', '', NULL, '', 'userTaskStudentLeaveApply', NULL, NULL, NULL, 50, '2019-07-05 03:12:52.493', NULL, NULL, 1, '', NULL, NULL);
INSERT INTO `act_ru_task` VALUES ('15017', 1, '15014', '15013', 'LeaveApply:2:5004', '', NULL, '', 'userTaskStudentLeaveApply', NULL, NULL, NULL, 50, '2019-07-05 03:12:54.542', NULL, NULL, 1, '', NULL, NULL);
INSERT INTO `act_ru_task` VALUES ('17505', 1, '17502', '17501', 'LeaveApply:2:5004', '', NULL, '', 'userTaskStudentLeaveApply', NULL, NULL, NULL, 50, '2019-07-05 03:13:46.232', NULL, NULL, 1, '', NULL, NULL);
INSERT INTO `act_ru_task` VALUES ('17511', 1, '17508', '17507', 'LeaveApply:2:5004', '', NULL, '', 'userTaskStudentLeaveApply', NULL, NULL, NULL, 50, '2019-07-05 03:16:17.171', NULL, NULL, 1, '', NULL, NULL);
INSERT INTO `act_ru_task` VALUES ('17517', 1, '17514', '17513', 'LeaveApply:2:5004', '', NULL, '', 'userTaskStudentLeaveApply', NULL, NULL, NULL, 50, '2019-07-05 03:18:18.111', NULL, NULL, 1, '', NULL, NULL);
INSERT INTO `act_ru_task` VALUES ('17523', 1, '17520', '17519', 'LeaveApply:2:5004', '', NULL, '', 'userTaskStudentLeaveApply', NULL, NULL, NULL, 50, '2019-07-05 03:18:18.832', NULL, NULL, 1, '', NULL, NULL);
INSERT INTO `act_ru_task` VALUES ('17529', 1, '17526', '17525', 'LeaveApply:2:5004', '', NULL, '', 'userTaskStudentLeaveApply', NULL, NULL, NULL, 50, '2019-07-05 03:18:19.279', NULL, NULL, 1, '', NULL, NULL);
INSERT INTO `act_ru_task` VALUES ('17535', 1, '17532', '17531', 'LeaveApply:2:5004', '', NULL, '', 'userTaskStudentLeaveApply', NULL, NULL, NULL, 50, '2019-07-05 03:18:19.482', NULL, NULL, 1, '', NULL, NULL);
INSERT INTO `act_ru_task` VALUES ('17541', 1, '17538', '17537', 'LeaveApply:2:5004', '', NULL, '', 'userTaskStudentLeaveApply', NULL, NULL, NULL, 50, '2019-07-05 03:18:19.652', NULL, NULL, 1, '', NULL, NULL);
INSERT INTO `act_ru_task` VALUES ('17547', 1, '17544', '17543', 'LeaveApply:2:5004', '', NULL, '', 'userTaskStudentLeaveApply', NULL, NULL, NULL, 50, '2019-07-05 03:18:19.833', NULL, NULL, 1, '', NULL, NULL);
INSERT INTO `act_ru_task` VALUES ('17553', 1, '17550', '17549', 'LeaveApply:2:5004', '', NULL, '', 'userTaskStudentLeaveApply', NULL, NULL, NULL, 50, '2019-07-05 03:18:20.029', NULL, NULL, 1, '', NULL, NULL);
INSERT INTO `act_ru_task` VALUES ('17559', 1, '17556', '17555', 'LeaveApply:2:5004', '', NULL, '', 'userTaskStudentLeaveApply', NULL, NULL, NULL, 50, '2019-07-05 03:18:20.213', NULL, NULL, 1, '', NULL, NULL);
INSERT INTO `act_ru_task` VALUES ('17565', 1, '17562', '17561', 'LeaveApply:2:5004', '', NULL, '', 'userTaskStudentLeaveApply', NULL, NULL, NULL, 50, '2019-07-05 03:18:20.391', NULL, NULL, 1, '', NULL, NULL);
INSERT INTO `act_ru_task` VALUES ('17571', 1, '17568', '17567', 'LeaveApply:2:5004', '', NULL, '', 'userTaskStudentLeaveApply', NULL, NULL, NULL, 50, '2019-07-05 03:18:20.587', NULL, NULL, 1, '', NULL, NULL);
INSERT INTO `act_ru_task` VALUES ('17577', 1, '17574', '17573', 'LeaveApply:2:5004', '', NULL, '', 'userTaskStudentLeaveApply', NULL, NULL, NULL, 50, '2019-07-05 03:18:20.758', NULL, NULL, 1, '', NULL, NULL);
INSERT INTO `act_ru_task` VALUES ('17583', 1, '17580', '17579', 'LeaveApply:2:5004', '', NULL, '', 'userTaskStudentLeaveApply', NULL, NULL, NULL, 50, '2019-07-05 03:18:20.932', NULL, NULL, 1, '', NULL, NULL);
INSERT INTO `act_ru_task` VALUES ('17589', 1, '17586', '17585', 'LeaveApply:2:5004', '', NULL, '', 'userTaskStudentLeaveApply', NULL, NULL, NULL, 50, '2019-07-05 03:18:21.121', NULL, NULL, 1, '', NULL, NULL);
INSERT INTO `act_ru_task` VALUES ('17595', 1, '17592', '17591', 'LeaveApply:2:5004', '', NULL, '', 'userTaskStudentLeaveApply', NULL, NULL, NULL, 50, '2019-07-05 03:18:21.319', NULL, NULL, 1, '', NULL, NULL);
INSERT INTO `act_ru_task` VALUES ('17601', 1, '17598', '17597', 'LeaveApply:2:5004', '', NULL, '', 'userTaskStudentLeaveApply', NULL, NULL, NULL, 50, '2019-07-05 03:18:21.517', NULL, NULL, 1, '', NULL, NULL);
INSERT INTO `act_ru_task` VALUES ('17607', 1, '17604', '17603', 'LeaveApply:2:5004', '', NULL, '', 'userTaskStudentLeaveApply', NULL, NULL, NULL, 50, '2019-07-05 03:18:21.682', NULL, NULL, 1, '', NULL, NULL);
INSERT INTO `act_ru_task` VALUES ('17613', 1, '17610', '17609', 'LeaveApply:2:5004', '', NULL, '', 'userTaskStudentLeaveApply', NULL, NULL, NULL, 50, '2019-07-05 03:22:02.207', NULL, NULL, 1, '', NULL, NULL);
INSERT INTO `act_ru_task` VALUES ('17619', 1, '17616', '17615', 'LeaveApply:2:5004', '', NULL, '', 'userTaskStudentLeaveApply', NULL, NULL, NULL, 50, '2019-07-05 03:22:26.458', NULL, NULL, 1, '', NULL, NULL);
INSERT INTO `act_ru_task` VALUES ('5010', 1, '5007', '5006', 'LeaveApply2:2:5005', '', NULL, '', 'userTaskStudentLeaveApply', NULL, NULL, NULL, 50, '2019-07-05 02:51:00.238', NULL, NULL, 1, '', NULL, NULL);
INSERT INTO `act_ru_task` VALUES ('5016', 1, '5013', '5012', 'LeaveApply:2:5004', '', NULL, '', 'userTaskStudentLeaveApply', NULL, NULL, NULL, 50, '2019-07-05 02:51:48.176', NULL, NULL, 1, '', NULL, NULL);
INSERT INTO `act_ru_task` VALUES ('5022', 1, '5019', '5018', 'LeaveApply:2:5004', '', NULL, '', 'userTaskStudentLeaveApply', NULL, NULL, NULL, 50, '2019-07-05 02:52:42.485', NULL, NULL, 1, '', NULL, NULL);
INSERT INTO `act_ru_task` VALUES ('5028', 1, '5025', '5024', 'LeaveApply:2:5004', '', NULL, '', 'userTaskStudentLeaveApply', NULL, NULL, NULL, 50, '2019-07-05 02:52:45.915', NULL, NULL, 1, '', NULL, NULL);
INSERT INTO `act_ru_task` VALUES ('5034', 1, '5031', '5030', 'LeaveApply:2:5004', '', NULL, '', 'userTaskStudentLeaveApply', NULL, NULL, NULL, 50, '2019-07-05 02:53:09.103', NULL, NULL, 1, '', NULL, NULL);
INSERT INTO `act_ru_task` VALUES ('5040', 1, '5037', '5036', 'LeaveApply:2:5004', '', NULL, '', 'userTaskStudentLeaveApply', NULL, NULL, NULL, 50, '2019-07-05 02:53:09.385', NULL, NULL, 1, '', NULL, NULL);
INSERT INTO `act_ru_task` VALUES ('5046', 1, '5043', '5042', 'LeaveApply:2:5004', '', NULL, '', 'userTaskStudentLeaveApply', NULL, NULL, NULL, 50, '2019-07-05 02:53:19.165', NULL, NULL, 1, '', NULL, NULL);
INSERT INTO `act_ru_task` VALUES ('5052', 1, '5049', '5048', 'LeaveApply:2:5004', '', NULL, '', 'userTaskStudentLeaveApply', NULL, NULL, NULL, 50, '2019-07-05 02:54:07.544', NULL, NULL, 1, '', NULL, NULL);
INSERT INTO `act_ru_task` VALUES ('5058', 1, '5055', '5054', 'LeaveApply:2:5004', '', NULL, '', 'userTaskStudentLeaveApply', NULL, NULL, NULL, 50, '2019-07-05 02:54:12.299', NULL, NULL, 1, '', NULL, NULL);
INSERT INTO `act_ru_task` VALUES ('7505', 1, '7502', '7501', 'LeaveApply:2:5004', '', NULL, '', 'userTaskStudentLeaveApply', NULL, NULL, NULL, 50, '2019-07-05 02:59:30.567', NULL, NULL, 1, '', NULL, NULL);
INSERT INTO `act_ru_task` VALUES ('7511', 1, '7508', '7507', 'LeaveApply:2:5004', '', NULL, '', 'userTaskStudentLeaveApply', NULL, NULL, NULL, 50, '2019-07-05 02:59:33.860', NULL, NULL, 1, '', NULL, NULL);
INSERT INTO `act_ru_task` VALUES ('7517', 1, '7514', '7513', 'LeaveApply:2:5004', '', NULL, '', 'userTaskStudentLeaveApply', NULL, NULL, NULL, 50, '2019-07-05 02:59:34.654', NULL, NULL, 1, '', NULL, NULL);
INSERT INTO `act_ru_task` VALUES ('7523', 1, '7520', '7519', 'LeaveApply:2:5004', '', NULL, '', 'userTaskStudentLeaveApply', NULL, NULL, NULL, 50, '2019-07-05 02:59:34.945', NULL, NULL, 1, '', NULL, NULL);
INSERT INTO `act_ru_task` VALUES ('7529', 1, '7526', '7525', 'LeaveApply:2:5004', '', NULL, '', 'userTaskStudentLeaveApply', NULL, NULL, NULL, 50, '2019-07-05 03:00:27.353', NULL, NULL, 1, '', NULL, NULL);
INSERT INTO `act_ru_task` VALUES ('7535', 1, '7532', '7531', 'LeaveApply:2:5004', '', NULL, '', 'userTaskStudentLeaveApply', NULL, NULL, NULL, 50, '2019-07-05 03:01:08.539', NULL, NULL, 1, '', NULL, NULL);
INSERT INTO `act_ru_task` VALUES ('7541', 1, '7538', '7537', 'LeaveApply:2:5004', '', NULL, '', 'userTaskStudentLeaveApply', NULL, NULL, NULL, 50, '2019-07-05 03:02:31.135', NULL, NULL, 1, '', NULL, NULL);

-- ----------------------------
-- Table structure for act_ru_timer_job
-- ----------------------------
DROP TABLE IF EXISTS `act_ru_timer_job`;
CREATE TABLE `act_ru_timer_job`  (
  `ID_` varchar(64) CHARACTER SET utf8 COLLATE utf8_bin NOT NULL,
  `REV_` int(11) NULL DEFAULT NULL,
  `TYPE_` varchar(255) CHARACTER SET utf8 COLLATE utf8_bin NOT NULL,
  `LOCK_EXP_TIME_` timestamp(3) NULL DEFAULT NULL,
  `LOCK_OWNER_` varchar(255) CHARACTER SET utf8 COLLATE utf8_bin NULL DEFAULT NULL,
  `EXCLUSIVE_` tinyint(1) NULL DEFAULT NULL,
  `EXECUTION_ID_` varchar(64) CHARACTER SET utf8 COLLATE utf8_bin NULL DEFAULT NULL,
  `PROCESS_INSTANCE_ID_` varchar(64) CHARACTER SET utf8 COLLATE utf8_bin NULL DEFAULT NULL,
  `PROC_DEF_ID_` varchar(64) CHARACTER SET utf8 COLLATE utf8_bin NULL DEFAULT NULL,
  `RETRIES_` int(11) NULL DEFAULT NULL,
  `EXCEPTION_STACK_ID_` varchar(64) CHARACTER SET utf8 COLLATE utf8_bin NULL DEFAULT NULL,
  `EXCEPTION_MSG_` varchar(4000) CHARACTER SET utf8 COLLATE utf8_bin NULL DEFAULT NULL,
  `DUEDATE_` timestamp(3) NULL DEFAULT NULL,
  `REPEAT_` varchar(255) CHARACTER SET utf8 COLLATE utf8_bin NULL DEFAULT NULL,
  `HANDLER_TYPE_` varchar(255) CHARACTER SET utf8 COLLATE utf8_bin NULL DEFAULT NULL,
  `HANDLER_CFG_` varchar(4000) CHARACTER SET utf8 COLLATE utf8_bin NULL DEFAULT NULL,
  `TENANT_ID_` varchar(255) CHARACTER SET utf8 COLLATE utf8_bin NULL DEFAULT '',
  PRIMARY KEY (`ID_`) USING BTREE,
  INDEX `ACT_FK_TIMER_JOB_EXECUTION`(`EXECUTION_ID_`) USING BTREE,
  INDEX `ACT_FK_TIMER_JOB_PROCESS_INSTANCE`(`PROCESS_INSTANCE_ID_`) USING BTREE,
  INDEX `ACT_FK_TIMER_JOB_PROC_DEF`(`PROC_DEF_ID_`) USING BTREE,
  INDEX `ACT_FK_TIMER_JOB_EXCEPTION`(`EXCEPTION_STACK_ID_`) USING BTREE,
  CONSTRAINT `ACT_FK_TIMER_JOB_EXCEPTION` FOREIGN KEY (`EXCEPTION_STACK_ID_`) REFERENCES `act_ge_bytearray` (`ID_`) ON DELETE RESTRICT ON UPDATE RESTRICT,
  CONSTRAINT `ACT_FK_TIMER_JOB_EXECUTION` FOREIGN KEY (`EXECUTION_ID_`) REFERENCES `act_ru_execution` (`ID_`) ON DELETE RESTRICT ON UPDATE RESTRICT,
  CONSTRAINT `ACT_FK_TIMER_JOB_PROCESS_INSTANCE` FOREIGN KEY (`PROCESS_INSTANCE_ID_`) REFERENCES `act_ru_execution` (`ID_`) ON DELETE RESTRICT ON UPDATE RESTRICT,
  CONSTRAINT `ACT_FK_TIMER_JOB_PROC_DEF` FOREIGN KEY (`PROC_DEF_ID_`) REFERENCES `act_re_procdef` (`ID_`) ON DELETE RESTRICT ON UPDATE RESTRICT
) ENGINE = InnoDB CHARACTER SET = utf8 COLLATE = utf8_bin ROW_FORMAT = Dynamic;

-- ----------------------------
-- Table structure for act_ru_variable
-- ----------------------------
DROP TABLE IF EXISTS `act_ru_variable`;
CREATE TABLE `act_ru_variable`  (
  `ID_` varchar(64) CHARACTER SET utf8 COLLATE utf8_bin NOT NULL,
  `REV_` int(11) NULL DEFAULT NULL,
  `TYPE_` varchar(255) CHARACTER SET utf8 COLLATE utf8_bin NOT NULL,
  `NAME_` varchar(255) CHARACTER SET utf8 COLLATE utf8_bin NOT NULL,
  `EXECUTION_ID_` varchar(64) CHARACTER SET utf8 COLLATE utf8_bin NULL DEFAULT NULL,
  `PROC_INST_ID_` varchar(64) CHARACTER SET utf8 COLLATE utf8_bin NULL DEFAULT NULL,
  `TASK_ID_` varchar(64) CHARACTER SET utf8 COLLATE utf8_bin NULL DEFAULT NULL,
  `BYTEARRAY_ID_` varchar(64) CHARACTER SET utf8 COLLATE utf8_bin NULL DEFAULT NULL,
  `DOUBLE_` double NULL DEFAULT NULL,
  `LONG_` bigint(20) NULL DEFAULT NULL,
  `TEXT_` varchar(4000) CHARACTER SET utf8 COLLATE utf8_bin NULL DEFAULT NULL,
  `TEXT2_` varchar(4000) CHARACTER SET utf8 COLLATE utf8_bin NULL DEFAULT NULL,
  PRIMARY KEY (`ID_`) USING BTREE,
  INDEX `ACT_IDX_VARIABLE_TASK_ID`(`TASK_ID_`) USING BTREE,
  INDEX `ACT_FK_VAR_EXE`(`EXECUTION_ID_`) USING BTREE,
  INDEX `ACT_FK_VAR_PROCINST`(`PROC_INST_ID_`) USING BTREE,
  INDEX `ACT_FK_VAR_BYTEARRAY`(`BYTEARRAY_ID_`) USING BTREE,
  CONSTRAINT `ACT_FK_VAR_BYTEARRAY` FOREIGN KEY (`BYTEARRAY_ID_`) REFERENCES `act_ge_bytearray` (`ID_`) ON DELETE RESTRICT ON UPDATE RESTRICT,
  CONSTRAINT `ACT_FK_VAR_EXE` FOREIGN KEY (`EXECUTION_ID_`) REFERENCES `act_ru_execution` (`ID_`) ON DELETE RESTRICT ON UPDATE RESTRICT,
  CONSTRAINT `ACT_FK_VAR_PROCINST` FOREIGN KEY (`PROC_INST_ID_`) REFERENCES `act_ru_execution` (`ID_`) ON DELETE RESTRICT ON UPDATE RESTRICT
) ENGINE = InnoDB CHARACTER SET = utf8 COLLATE = utf8_bin ROW_FORMAT = Dynamic;

SET FOREIGN_KEY_CHECKS = 1;
